iso_code,continent,location,date,total_cases,new_cases,new_cases_smoothed,total_deaths,new_deaths,new_deaths_smoothed,total_cases_per_million,new_cases_per_million,new_cases_smoothed_per_million,total_deaths_per_million,new_deaths_per_million,new_deaths_smoothed_per_million,reproduction_rate
HKG,Asia,Hong Kong,23/1/2020,2,2,,,,,0.265,0.265,,,,,
HKG,Asia,Hong Kong,24/1/2020,2,0,,,,,0.265,0,,,,,
HKG,Asia,Hong Kong,25/1/2020,5,3,,,,,0.662,0.397,,,,,
HKG,Asia,Hong Kong,26/1/2020,8,3,,,,,1.059,0.397,,,,,
HKG,Asia,Hong Kong,27/1/2020,8,0,,,,,1.059,0,,,,,
HKG,Asia,Hong Kong,28/1/2020,8,0,,,,,1.059,0,,,,,
HKG,Asia,Hong Kong,29/1/2020,10,2,1.429,,,,1.324,0.265,0.189,,,,
HKG,Asia,Hong Kong,30/1/2020,10,0,1.143,,,,1.324,0,0.151,,,,
HKG,Asia,Hong Kong,31/1/2020,12,2,1.429,,,,1.589,0.265,0.189,,,,
HKG,Asia,Hong Kong,1/2/2020,13,1,1.143,,,,1.721,0.132,0.151,,,,
HKG,Asia,Hong Kong,2/2/2020,15,2,1,,,,1.986,0.265,0.132,,,,
HKG,Asia,Hong Kong,3/2/2020,15,0,1,,,,1.986,0,0.132,,,,
HKG,Asia,Hong Kong,4/2/2020,17,2,1.286,1,1,,2.251,0.265,0.17,0.132,0.132,,
HKG,Asia,Hong Kong,5/2/2020,21,4,1.571,1,0,,2.78,0.53,0.208,0.132,0,,
HKG,Asia,Hong Kong,6/2/2020,24,3,2,1,0,,3.178,0.397,0.265,0.132,0,,
HKG,Asia,Hong Kong,7/2/2020,25,1,1.857,1,0,,3.31,0.132,0.246,0.132,0,,
HKG,Asia,Hong Kong,8/2/2020,26,1,1.857,1,0,,3.442,0.132,0.246,0.132,0,,
HKG,Asia,Hong Kong,9/2/2020,29,3,2,1,0,,3.84,0.397,0.265,0.132,0,,
HKG,Asia,Hong Kong,10/2/2020,38,9,3.286,1,0,0.143,5.031,1.192,0.435,0.132,0,0.019,
HKG,Asia,Hong Kong,11/2/2020,49,11,4.571,1,0,0,6.488,1.456,0.605,0.132,0,0,
HKG,Asia,Hong Kong,12/2/2020,50,1,4.143,1,0,0,6.62,0.132,0.549,0.132,0,0,
HKG,Asia,Hong Kong,13/2/2020,53,3,4.143,1,0,0,7.017,0.397,0.549,0.132,0,0,
HKG,Asia,Hong Kong,14/2/2020,56,3,4.429,1,0,0,7.414,0.397,0.586,0.132,0,0,
HKG,Asia,Hong Kong,15/2/2020,56,0,4.286,1,0,0,7.414,0,0.567,0.132,0,0,
HKG,Asia,Hong Kong,16/2/2020,57,1,4,1,0,0,7.547,0.132,0.53,0.132,0,0,
HKG,Asia,Hong Kong,17/2/2020,60,3,3.143,1,0,0,7.944,0.397,0.416,0.132,0,0,
HKG,Asia,Hong Kong,18/2/2020,62,2,1.857,1,0,0,8.209,0.265,0.246,0.132,0,0,
HKG,Asia,Hong Kong,19/2/2020,63,1,1.857,2,1,0.143,8.341,0.132,0.246,0.265,0.132,0.019,
HKG,Asia,Hong Kong,20/2/2020,68,5,2.143,2,0,0.143,9.003,0.662,0.284,0.265,0,0.019,
HKG,Asia,Hong Kong,21/2/2020,68,0,1.714,2,0,0.143,9.003,0,0.227,0.265,0,0.019,
HKG,Asia,Hong Kong,22/2/2020,69,1,1.857,2,0,0.143,9.136,0.132,0.246,0.265,0,0.019,
HKG,Asia,Hong Kong,23/2/2020,74,5,2.429,2,0,0.143,9.798,0.662,0.322,0.265,0,0.019,
HKG,Asia,Hong Kong,24/2/2020,79,5,2.714,2,0,0.143,10.46,0.662,0.359,0.265,0,0.019,
HKG,Asia,Hong Kong,25/2/2020,84,5,3.143,2,0,0.143,11.122,0.662,0.416,0.265,0,0.019,
HKG,Asia,Hong Kong,26/2/2020,91,7,4,2,0,0,12.049,0.927,0.53,0.265,0,0,
HKG,Asia,Hong Kong,27/2/2020,92,1,3.429,2,0,0,12.181,0.132,0.454,0.265,0,0,
HKG,Asia,Hong Kong,28/2/2020,94,2,3.714,2,0,0,12.446,0.265,0.492,0.265,0,0,
HKG,Asia,Hong Kong,29/2/2020,95,1,3.714,2,0,0,12.578,0.132,0.492,0.265,0,0,
HKG,Asia,Hong Kong,1/3/2020,96,1,3.143,2,0,0,12.711,0.132,0.416,0.265,0,0,
HKG,Asia,Hong Kong,2/3/2020,100,4,3,2,0,0,13.24,0.53,0.397,0.265,0,0,
HKG,Asia,Hong Kong,3/3/2020,100,0,2.286,2,0,0,13.24,0,0.303,0.265,0,0,
HKG,Asia,Hong Kong,4/3/2020,105,5,2,2,0,0,13.902,0.662,0.265,0.265,0,0,
HKG,Asia,Hong Kong,5/3/2020,105,0,1.857,2,0,0,13.902,0,0.246,0.265,0,0,
HKG,Asia,Hong Kong,6/3/2020,107,2,1.857,2,0,0,14.167,0.265,0.246,0.265,0,0,
HKG,Asia,Hong Kong,7/3/2020,108,1,1.857,2,0,0,14.299,0.132,0.246,0.265,0,0,
HKG,Asia,Hong Kong,8/3/2020,114,6,2.571,3,1,0.143,15.094,0.794,0.34,0.397,0.132,0.019,
HKG,Asia,Hong Kong,9/3/2020,115,1,2.143,3,0,0.143,15.226,0.132,0.284,0.397,0,0.019,
HKG,Asia,Hong Kong,10/3/2020,120,5,2.857,3,0,0.143,15.888,0.662,0.378,0.397,0,0.019,
HKG,Asia,Hong Kong,11/3/2020,126,6,3,3,0,0.143,16.683,0.794,0.397,0.397,0,0.019,
HKG,Asia,Hong Kong,12/3/2020,129,3,3.429,3,0,0.143,17.08,0.397,0.454,0.397,0,0.019,
HKG,Asia,Hong Kong,13/3/2020,134,5,3.857,4,1,0.286,17.742,0.662,0.511,0.53,0.132,0.038,
HKG,Asia,Hong Kong,14/3/2020,140,6,4.571,4,0,0.286,18.536,0.794,0.605,0.53,0,0.038,
HKG,Asia,Hong Kong,15/3/2020,145,5,4.429,4,0,0.143,19.198,0.662,0.586,0.53,0,0.019,
HKG,Asia,Hong Kong,16/3/2020,155,10,5.714,4,0,0.143,20.522,1.324,0.757,0.53,0,0.019,
HKG,Asia,Hong Kong,17/3/2020,162,7,6,4,0,0.143,21.449,0.927,0.794,0.53,0,0.019,
HKG,Asia,Hong Kong,18/3/2020,181,19,7.857,4,0,0.143,23.965,2.516,1.04,0.53,0,0.019,
HKG,Asia,Hong Kong,19/3/2020,208,27,11.286,4,0,0.143,27.539,3.575,1.494,0.53,0,0.019,
HKG,Asia,Hong Kong,20/3/2020,256,48,17.429,4,0,0,33.895,6.355,2.308,0.53,0,0,
HKG,Asia,Hong Kong,21/3/2020,273,17,19,4,0,0,36.146,2.251,2.516,0.53,0,0,
HKG,Asia,Hong Kong,22/3/2020,317,44,24.571,4,0,0,41.971,5.826,3.253,0.53,0,0,
HKG,Asia,Hong Kong,23/3/2020,351,34,28,4,0,0,46.473,4.502,3.707,0.53,0,0,
HKG,Asia,Hong Kong,24/3/2020,382,31,31.429,4,0,0,50.577,4.104,4.161,0.53,0,0,
HKG,Asia,Hong Kong,25/3/2020,407,25,32.286,4,0,0,53.887,3.31,4.275,0.53,0,0,
HKG,Asia,Hong Kong,26/3/2020,452,45,34.857,4,0,0,59.845,5.958,4.615,0.53,0,0,
HKG,Asia,Hong Kong,27/3/2020,494,42,34,4,0,0,65.406,5.561,4.502,0.53,0,0,
HKG,Asia,Hong Kong,28/3/2020,526,32,36.143,4,0,0,69.643,4.237,4.785,0.53,0,0,
HKG,Asia,Hong Kong,29/3/2020,577,51,37.143,4,0,0,76.396,6.752,4.918,0.53,0,0,
HKG,Asia,Hong Kong,30/3/2020,623,46,38.857,4,0,0,82.486,6.09,5.145,0.53,0,0,
HKG,Asia,Hong Kong,31/3/2020,680,57,42.571,4,0,0,90.033,7.547,5.637,0.53,0,0,
HKG,Asia,Hong Kong,1/4/2020,737,57,47.143,4,0,0,97.58,7.547,6.242,0.53,0,0,
HKG,Asia,Hong Kong,2/4/2020,784,47,47.429,4,0,0,103.803,6.223,6.28,0.53,0,0,
HKG,Asia,Hong Kong,3/4/2020,831,47,48.143,4,0,0,110.025,6.223,6.374,0.53,0,0,
HKG,Asia,Hong Kong,4/4/2020,853,22,46.714,4,0,0,112.938,2.913,6.185,0.53,0,0,
HKG,Asia,Hong Kong,5/4/2020,882,29,43.571,4,0,0,116.778,3.84,5.769,0.53,0,0,
HKG,Asia,Hong Kong,6/4/2020,914,32,41.571,4,0,0,121.015,4.237,5.504,0.53,0,0,
HKG,Asia,Hong Kong,7/4/2020,935,21,36.429,4,0,0,123.795,2.78,4.823,0.53,0,0,
HKG,Asia,Hong Kong,8/4/2020,960,25,31.857,4,0,0,127.105,3.31,4.218,0.53,0,0,
HKG,Asia,Hong Kong,9/4/2020,973,13,27,4,0,0,128.826,1.721,3.575,0.53,0,0,
HKG,Asia,Hong Kong,10/4/2020,989,16,22.571,4,0,0,130.945,2.118,2.988,0.53,0,0,
HKG,Asia,Hong Kong,11/4/2020,1000,11,21,4,0,0,132.401,1.456,2.78,0.53,0,0,
HKG,Asia,Hong Kong,12/4/2020,1004,4,17.429,4,0,0,132.931,0.53,2.308,0.53,0,0,
HKG,Asia,Hong Kong,13/4/2020,1009,5,13.571,4,0,0,133.593,0.662,1.797,0.53,0,0,
HKG,Asia,Hong Kong,14/4/2020,1012,3,11,4,0,0,133.99,0.397,1.456,0.53,0,0,
HKG,Asia,Hong Kong,15/4/2020,1016,4,8,4,0,0,134.52,0.53,1.059,0.53,0,0,
HKG,Asia,Hong Kong,16/4/2020,1017,1,6.286,4,0,0,134.652,0.132,0.832,0.53,0,0,
HKG,Asia,Hong Kong,17/4/2020,1021,4,4.571,4,0,0,135.182,0.53,0.605,0.53,0,0,
HKG,Asia,Hong Kong,18/4/2020,1023,2,3.286,4,0,0,135.446,0.265,0.435,0.53,0,0,
HKG,Asia,Hong Kong,19/4/2020,1025,2,3,4,0,0,135.711,0.265,0.397,0.53,0,0,
HKG,Asia,Hong Kong,20/4/2020,1025,0,2.286,4,0,0,135.711,0,0.303,0.53,0,0,
HKG,Asia,Hong Kong,21/4/2020,1029,4,2.429,4,0,0,136.241,0.53,0.322,0.53,0,0,
HKG,Asia,Hong Kong,22/4/2020,1033,4,2.429,4,0,0,136.77,0.53,0.322,0.53,0,0,
HKG,Asia,Hong Kong,23/4/2020,1035,2,2.571,4,0,0,137.035,0.265,0.34,0.53,0,0,
HKG,Asia,Hong Kong,24/4/2020,1035,0,2,4,0,0,137.035,0,0.265,0.53,0,0,
HKG,Asia,Hong Kong,25/4/2020,1037,2,2,4,0,0,137.3,0.265,0.265,0.53,0,0,
HKG,Asia,Hong Kong,26/4/2020,1037,0,1.714,4,0,0,137.3,0,0.227,0.53,0,0,
HKG,Asia,Hong Kong,27/4/2020,1037,0,1.714,4,0,0,137.3,0,0.227,0.53,0,0,
HKG,Asia,Hong Kong,28/4/2020,1037,0,1.143,4,0,0,137.3,0,0.151,0.53,0,0,
HKG,Asia,Hong Kong,29/4/2020,1037,0,0.571,4,0,0,137.3,0,0.076,0.53,0,0,
HKG,Asia,Hong Kong,30/4/2020,1037,0,0.286,4,0,0,137.3,0,0.038,0.53,0,0,
HKG,Asia,Hong Kong,1/5/2020,1039,2,0.571,4,0,0,137.565,0.265,0.076,0.53,0,0,
HKG,Asia,Hong Kong,2/5/2020,1039,0,0.286,4,0,0,137.565,0,0.038,0.53,0,0,
HKG,Asia,Hong Kong,3/5/2020,1039,0,0.286,4,0,0,137.565,0,0.038,0.53,0,0,
HKG,Asia,Hong Kong,4/5/2020,1040,1,0.429,4,0,0,137.697,0.132,0.057,0.53,0,0,
HKG,Asia,Hong Kong,5/5/2020,1040,0,0.429,4,0,0,137.697,0,0.057,0.53,0,0,
HKG,Asia,Hong Kong,6/5/2020,1040,0,0.429,4,0,0,137.697,0,0.057,0.53,0,0,
HKG,Asia,Hong Kong,7/5/2020,1044,4,1,4,0,0,138.227,0.53,0.132,0.53,0,0,
HKG,Asia,Hong Kong,8/5/2020,1044,0,0.714,4,0,0,138.227,0,0.095,0.53,0,0,
HKG,Asia,Hong Kong,9/5/2020,1044,0,0.714,4,0,0,138.227,0,0.095,0.53,0,0,
HKG,Asia,Hong Kong,10/5/2020,1047,3,1.143,4,0,0,138.624,0.397,0.151,0.53,0,0,
HKG,Asia,Hong Kong,11/5/2020,1047,0,1,4,0,0,138.624,0,0.132,0.53,0,0,
HKG,Asia,Hong Kong,12/5/2020,1047,0,1,4,0,0,138.624,0,0.132,0.53,0,0,
HKG,Asia,Hong Kong,13/5/2020,1050,3,1.429,4,0,0,139.021,0.397,0.189,0.53,0,0,
HKG,Asia,Hong Kong,14/5/2020,1051,1,1,4,0,0,139.154,0.132,0.132,0.53,0,0,
HKG,Asia,Hong Kong,15/5/2020,1052,1,1.143,4,0,0,139.286,0.132,0.151,0.53,0,0,
HKG,Asia,Hong Kong,16/5/2020,1052,0,1.143,4,0,0,139.286,0,0.151,0.53,0,0,
HKG,Asia,Hong Kong,17/5/2020,1055,3,1.143,4,0,0,139.683,0.397,0.151,0.53,0,0,
HKG,Asia,Hong Kong,18/5/2020,1055,0,1.143,4,0,0,139.683,0,0.151,0.53,0,0,
HKG,Asia,Hong Kong,19/5/2020,1055,0,1.143,4,0,0,139.683,0,0.151,0.53,0,0,
HKG,Asia,Hong Kong,20/5/2020,1055,0,0.714,4,0,0,139.683,0,0.095,0.53,0,0,
HKG,Asia,Hong Kong,21/5/2020,1063,8,1.714,4,0,0,140.743,1.059,0.227,0.53,0,0,
HKG,Asia,Hong Kong,22/5/2020,1065,2,1.857,4,0,0,141.007,0.265,0.246,0.53,0,0,
HKG,Asia,Hong Kong,23/5/2020,1065,0,1.857,4,0,0,141.007,0,0.246,0.53,0,0,
HKG,Asia,Hong Kong,24/5/2020,1065,0,1.429,4,0,0,141.007,0,0.189,0.53,0,0,
HKG,Asia,Hong Kong,25/5/2020,1065,0,1.429,4,0,0,141.007,0,0.189,0.53,0,0,
HKG,Asia,Hong Kong,26/5/2020,1065,0,1.429,4,0,0,141.007,0,0.189,0.53,0,0,
HKG,Asia,Hong Kong,27/5/2020,1066,1,1.571,4,0,0,141.14,0.132,0.208,0.53,0,0,
HKG,Asia,Hong Kong,28/5/2020,1066,0,0.429,4,0,0,141.14,0,0.057,0.53,0,0,
HKG,Asia,Hong Kong,29/5/2020,1079,13,2,4,0,0,142.861,1.721,0.265,0.53,0,0,
HKG,Asia,Hong Kong,30/5/2020,1082,3,2.429,4,0,0,143.258,0.397,0.322,0.53,0,0,
HKG,Asia,Hong Kong,31/5/2020,1084,2,2.714,4,0,0,143.523,0.265,0.359,0.53,0,0,
HKG,Asia,Hong Kong,1/6/2020,1087,3,3.143,4,0,0,143.92,0.397,0.416,0.53,0,0,
HKG,Asia,Hong Kong,2/6/2020,1093,6,4,4,0,0,144.715,0.794,0.53,0.53,0,0,
HKG,Asia,Hong Kong,3/6/2020,1093,0,3.857,4,0,0,144.715,0,0.511,0.53,0,0,
HKG,Asia,Hong Kong,4/6/2020,1099,6,4.714,4,0,0,145.509,0.794,0.624,0.53,0,0,
HKG,Asia,Hong Kong,5/6/2020,1102,3,3.286,4,0,0,145.906,0.397,0.435,0.53,0,0,
HKG,Asia,Hong Kong,6/6/2020,1105,3,3.286,4,0,0,146.303,0.397,0.435,0.53,0,0,
HKG,Asia,Hong Kong,7/6/2020,1106,1,3.143,4,0,0,146.436,0.132,0.416,0.53,0,0,
HKG,Asia,Hong Kong,8/6/2020,1107,1,2.857,4,0,0,146.568,0.132,0.378,0.53,0,0,
HKG,Asia,Hong Kong,9/6/2020,1107,0,2,4,0,0,146.568,0,0.265,0.53,0,0,
HKG,Asia,Hong Kong,10/6/2020,1107,0,2,4,0,0,146.568,0,0.265,0.53,0,0,
HKG,Asia,Hong Kong,11/6/2020,1107,0,1.143,4,0,0,146.568,0,0.151,0.53,0,0,
HKG,Asia,Hong Kong,12/6/2020,1108,1,0.857,4,0,0,146.701,0.132,0.113,0.53,0,0,
HKG,Asia,Hong Kong,13/6/2020,1109,1,0.571,4,0,0,146.833,0.132,0.076,0.53,0,0,
HKG,Asia,Hong Kong,14/6/2020,1109,0,0.429,4,0,0,146.833,0,0.057,0.53,0,0,
HKG,Asia,Hong Kong,15/6/2020,1112,3,0.714,4,0,0,147.23,0.397,0.095,0.53,0,0,
HKG,Asia,Hong Kong,16/6/2020,1112,0,0.714,4,0,0,147.23,0,0.095,0.53,0,0,
HKG,Asia,Hong Kong,17/6/2020,1120,8,1.857,4,0,0,148.289,1.059,0.246,0.53,0,0,
HKG,Asia,Hong Kong,18/6/2020,1124,4,2.429,4,0,0,148.819,0.53,0.322,0.53,0,0,
HKG,Asia,Hong Kong,19/6/2020,1127,3,2.714,4,0,0,149.216,0.397,0.359,0.53,0,0,
HKG,Asia,Hong Kong,20/6/2020,1128,1,2.714,4,0,0,149.349,0.132,0.359,0.53,0,0,
HKG,Asia,Hong Kong,21/6/2020,1131,3,3.143,5,1,0.143,149.746,0.397,0.416,0.662,0.132,0.019,
HKG,Asia,Hong Kong,22/6/2020,1161,30,7,5,0,0.143,153.718,3.972,0.927,0.662,0,0.019,
HKG,Asia,Hong Kong,23/6/2020,1177,16,9.286,6,1,0.286,155.836,2.118,1.229,0.794,0.132,0.038,
HKG,Asia,Hong Kong,24/6/2020,1179,2,8.429,6,0,0.286,156.101,0.265,1.116,0.794,0,0.038,
HKG,Asia,Hong Kong,25/6/2020,1193,14,9.857,7,1,0.429,157.955,1.854,1.305,0.927,0.132,0.057,
HKG,Asia,Hong Kong,26/6/2020,1196,3,9.857,7,0,0.429,158.352,0.397,1.305,0.927,0,0.057,
HKG,Asia,Hong Kong,27/6/2020,1197,1,9.857,7,0,0.429,158.484,0.132,1.305,0.927,0,0.057,
HKG,Asia,Hong Kong,28/6/2020,1199,2,9.714,7,0,0.286,158.749,0.265,1.286,0.927,0,0.038,
HKG,Asia,Hong Kong,29/6/2020,1203,4,6,7,0,0.286,159.279,0.53,0.794,0.927,0,0.038,
HKG,Asia,Hong Kong,30/6/2020,1205,2,4,7,0,0.143,159.543,0.265,0.53,0.927,0,0.019,
HKG,Asia,Hong Kong,1/7/2020,1233,28,7.714,7,0,0.143,163.251,3.707,1.021,0.927,0,0.019,
HKG,Asia,Hong Kong,2/7/2020,1242,9,7,7,0,0,164.442,1.192,0.927,0.927,0,0,
HKG,Asia,Hong Kong,3/7/2020,1247,5,7.286,7,0,0,165.104,0.662,0.965,0.927,0,0,
HKG,Asia,Hong Kong,4/7/2020,1258,11,8.714,7,0,0,166.561,1.456,1.154,0.927,0,0,
HKG,Asia,Hong Kong,5/7/2020,1268,10,9.857,7,0,0,167.885,1.324,1.305,0.927,0,0,
HKG,Asia,Hong Kong,6/7/2020,1285,17,11.714,7,0,0,170.136,2.251,1.551,0.927,0,0,
HKG,Asia,Hong Kong,7/7/2020,1299,14,13.429,7,0,0,171.989,1.854,1.778,0.927,0,0,
HKG,Asia,Hong Kong,8/7/2020,1323,24,12.857,7,0,0,175.167,3.178,1.702,0.927,0,0,
HKG,Asia,Hong Kong,9/7/2020,1365,42,17.571,7,0,0,180.728,5.561,2.326,0.927,0,0,
HKG,Asia,Hong Kong,10/7/2020,1403,38,22.286,7,0,0,185.759,5.031,2.951,0.927,0,0,
HKG,Asia,Hong Kong,11/7/2020,1431,28,24.714,7,0,0,189.466,3.707,3.272,0.927,0,0,
HKG,Asia,Hong Kong,12/7/2020,1469,38,28.714,7,0,0,194.497,5.031,3.802,0.927,0,0,
HKG,Asia,Hong Kong,13/7/2020,1521,52,33.714,7,0,0,201.382,6.885,4.464,0.927,0,0,
HKG,Asia,Hong Kong,14/7/2020,1569,48,38.571,8,1,0.143,207.738,6.355,5.107,1.059,0.132,0.019,
HKG,Asia,Hong Kong,15/7/2020,1588,19,37.857,8,0,0.143,210.253,2.516,5.012,1.059,0,0.019,
HKG,Asia,Hong Kong,16/7/2020,1655,67,41.429,10,2,0.429,219.124,8.871,5.485,1.324,0.265,0.057,
HKG,Asia,Hong Kong,17/7/2020,1713,58,44.286,10,0,0.429,226.803,7.679,5.863,1.324,0,0.057,
HKG,Asia,Hong Kong,18/7/2020,1777,64,49.429,12,2,0.714,235.277,8.474,6.544,1.589,0.265,0.095,
HKG,Asia,Hong Kong,19/7/2020,1885,108,59.429,12,0,0.714,249.576,14.299,7.868,1.589,0,0.095,
HKG,Asia,Hong Kong,20/7/2020,1958,73,62.429,12,0,0.714,259.242,9.665,8.266,1.589,0,0.095,
HKG,Asia,Hong Kong,21/7/2020,2018,60,64.143,14,2,0.857,267.186,7.944,8.493,1.854,0.265,0.113,
HKG,Asia,Hong Kong,22/7/2020,2131,113,77.571,14,0,0.857,282.147,14.961,10.271,1.854,0,0.113,
HKG,Asia,Hong Kong,23/7/2020,2249,118,84.857,15,1,0.714,297.77,15.623,11.235,1.986,0.132,0.095,
HKG,Asia,Hong Kong,24/7/2020,2372,123,94.143,16,1,0.857,314.056,16.285,12.465,2.118,0.132,0.113,
HKG,Asia,Hong Kong,25/7/2020,2505,133,104,18,2,0.857,331.665,17.609,13.77,2.383,0.265,0.113,
HKG,Asia,Hong Kong,26/7/2020,2633,128,106.857,18,0,0.857,348.612,16.947,14.148,2.383,0,0.113,
HKG,Asia,Hong Kong,27/7/2020,2778,145,117.143,22,4,1.429,367.811,19.198,15.51,2.913,0.53,0.189,
HKG,Asia,Hong Kong,28/7/2020,2884,106,123.714,22,0,1.143,381.845,14.035,16.38,2.913,0,0.151,
HKG,Asia,Hong Kong,29/7/2020,3002,118,124.429,24,2,1.429,397.468,15.623,16.474,3.178,0.265,0.189,
HKG,Asia,Hong Kong,30/7/2020,3151,149,128.857,24,0,1.286,417.196,19.728,17.061,3.178,0,0.17,
HKG,Asia,Hong Kong,31/7/2020,3272,121,128.571,27,3,1.571,433.217,16.021,17.023,3.575,0.397,0.208,
HKG,Asia,Hong Kong,1/8/2020,3396,124,127.286,31,4,1.857,449.635,16.418,16.853,4.104,0.53,0.246,
HKG,Asia,Hong Kong,2/8/2020,3511,115,125.429,34,3,2.286,464.861,15.226,16.607,4.502,0.397,0.303,
HKG,Asia,Hong Kong,3/8/2020,3589,78,115.857,37,3,2.143,475.188,10.327,15.34,4.899,0.397,0.284,
HKG,Asia,Hong Kong,4/8/2020,3669,80,112.143,41,4,2.714,485.78,10.592,14.848,5.428,0.53,0.359,
HKG,Asia,Hong Kong,5/8/2020,3754,85,107.429,43,2,2.714,497.034,11.254,14.224,5.693,0.265,0.359,
HKG,Asia,Hong Kong,6/8/2020,3849,95,99.714,44,1,2.857,509.612,12.578,13.202,5.826,0.132,0.378,
HKG,Asia,Hong Kong,7/8/2020,3938,89,95.143,46,2,2.714,521.396,11.784,12.597,6.09,0.265,0.359,
HKG,Asia,Hong Kong,8/8/2020,4007,69,87.286,47,1,2.286,530.532,9.136,11.557,6.223,0.132,0.303,
HKG,Asia,Hong Kong,9/8/2020,4079,72,81.143,51,4,2.429,540.065,9.533,10.743,6.752,0.53,0.322,
HKG,Asia,Hong Kong,10/8/2020,4148,69,79.857,54,3,2.429,549.2,9.136,10.573,7.15,0.397,0.322,
HKG,Asia,Hong Kong,11/8/2020,4181,33,73.143,58,4,2.429,553.57,4.369,9.684,7.679,0.53,0.322,
HKG,Asia,Hong Kong,12/8/2020,4243,62,69.857,63,5,2.857,561.778,8.209,9.249,8.341,0.662,0.378,
HKG,Asia,Hong Kong,13/8/2020,4312,69,66.143,65,2,3,570.914,9.136,8.757,8.606,0.265,0.397,
HKG,Asia,Hong Kong,14/8/2020,4360,48,60.286,66,1,2.857,577.269,6.355,7.982,8.738,0.132,0.378,
HKG,Asia,Hong Kong,15/8/2020,4406,46,57,68,2,3,583.36,6.09,7.547,9.003,0.265,0.397,
HKG,Asia,Hong Kong,16/8/2020,4480,74,57.286,69,1,2.571,593.158,9.798,7.585,9.136,0.132,0.34,
HKG,Asia,Hong Kong,17/8/2020,4524,44,53.714,69,0,2.143,598.983,5.826,7.112,9.136,0,0.284,
HKG,Asia,Hong Kong,18/8/2020,4560,36,54.143,70,1,1.714,603.75,4.766,7.169,9.268,0.132,0.227,
HKG,Asia,Hong Kong,19/8/2020,4586,26,49,72,2,1.286,607.192,3.442,6.488,9.533,0.265,0.17,
HKG,Asia,Hong Kong,20/8/2020,4604,18,41.714,73,1,1.143,609.575,2.383,5.523,9.665,0.132,0.151,
HKG,Asia,Hong Kong,21/8/2020,4631,27,38.714,75,2,1.286,613.15,3.575,5.126,9.93,0.265,0.17,
HKG,Asia,Hong Kong,22/8/2020,4657,26,35.857,76,1,1.143,616.593,3.442,4.748,10.062,0.132,0.151,
HKG,Asia,Hong Kong,23/8/2020,4682,25,28.857,77,1,1.143,619.903,3.31,3.821,10.195,0.132,0.151,
HKG,Asia,Hong Kong,24/8/2020,4691,9,23.857,77,0,1.143,621.094,1.192,3.159,10.195,0,0.151,
HKG,Asia,Hong Kong,25/8/2020,4710,19,21.429,77,0,1,623.61,2.516,2.837,10.195,0,0.132,
HKG,Asia,Hong Kong,26/8/2020,4734,24,21.143,78,1,0.857,626.787,3.178,2.799,10.327,0.132,0.113,
HKG,Asia,Hong Kong,27/8/2020,4755,21,21.571,79,1,0.857,629.568,2.78,2.856,10.46,0.132,0.113,
HKG,Asia,Hong Kong,28/8/2020,4768,13,19.571,84,5,1.286,631.289,1.721,2.591,11.122,0.662,0.17,
HKG,Asia,Hong Kong,29/8/2020,4786,18,18.429,86,2,1.429,633.672,2.383,2.44,11.387,0.265,0.189,
HKG,Asia,Hong Kong,30/8/2020,4801,15,17,88,2,1.571,635.658,1.986,2.251,11.651,0.265,0.208,
HKG,Asia,Hong Kong,31/8/2020,4810,9,17,89,1,1.714,636.85,1.192,2.251,11.784,0.132,0.227,
HKG,Asia,Hong Kong,1/9/2020,4822,12,16,90,1,1.857,638.439,1.589,2.118,11.916,0.132,0.246,
HKG,Asia,Hong Kong,2/9/2020,4830,8,13.714,93,3,2.143,639.498,1.059,1.816,12.313,0.397,0.284,
HKG,Asia,Hong Kong,3/9/2020,4838,8,11.857,94,1,2.143,640.557,1.059,1.57,12.446,0.132,0.284,
HKG,Asia,Hong Kong,4/9/2020,4850,12,11.714,94,0,1.429,642.146,1.589,1.551,12.446,0,0.189,
HKG,Asia,Hong Kong,5/9/2020,4857,7,10.143,94,0,1.143,643.073,0.927,1.343,12.446,0,0.151,
HKG,Asia,Hong Kong,6/9/2020,4878,21,11,95,1,1,645.853,2.78,1.456,12.578,0.132,0.132,
HKG,Asia,Hong Kong,7/9/2020,4889,11,11.286,98,3,1.286,647.31,1.456,1.494,12.975,0.397,0.17,
HKG,Asia,Hong Kong,8/9/2020,4895,6,10.429,99,1,1.286,648.104,0.794,1.381,13.108,0.132,0.17,
HKG,Asia,Hong Kong,9/9/2020,4901,6,10.143,99,0,0.857,648.898,0.794,1.343,13.108,0,0.113,
HKG,Asia,Hong Kong,10/9/2020,4913,12,10.714,99,0,0.714,650.487,1.589,1.419,13.108,0,0.095,
HKG,Asia,Hong Kong,11/9/2020,4925,12,10.714,99,0,0.714,652.076,1.589,1.419,13.108,0,0.095,
HKG,Asia,Hong Kong,12/9/2020,4938,13,11.571,100,1,0.857,653.797,1.721,1.532,13.24,0.132,0.113,
HKG,Asia,Hong Kong,13/9/2020,4957,19,11.286,100,0,0.714,656.313,2.516,1.494,13.24,0,0.095,
HKG,Asia,Hong Kong,14/9/2020,4971,14,11.714,101,1,0.429,658.167,1.854,1.551,13.373,0.132,0.057,
HKG,Asia,Hong Kong,15/9/2020,4975,4,11.429,101,0,0.286,658.696,0.53,1.513,13.373,0,0.038,
HKG,Asia,Hong Kong,16/9/2020,4984,9,11.857,102,1,0.429,659.888,1.192,1.57,13.505,0.132,0.057,
HKG,Asia,Hong Kong,17/9/2020,4993,9,11.429,102,0,0.429,661.079,1.192,1.513,13.505,0,0.057,
HKG,Asia,Hong Kong,18/9/2020,4996,3,10.143,103,1,0.571,661.477,0.397,1.343,13.637,0.132,0.076,
HKG,Asia,Hong Kong,19/9/2020,5009,13,10.143,103,0,0.429,663.198,1.721,1.343,13.637,0,0.057,
HKG,Asia,Hong Kong,20/9/2020,5032,23,10.714,103,0,0.429,666.243,3.045,1.419,13.637,0,0.057,
HKG,Asia,Hong Kong,21/9/2020,5038,6,9.571,103,0,0.286,667.037,0.794,1.267,13.637,0,0.038,
HKG,Asia,Hong Kong,22/9/2020,5046,8,10.143,103,0,0.286,668.097,1.059,1.343,13.637,0,0.038,
HKG,Asia,Hong Kong,23/9/2020,5049,3,9.286,103,0,0.143,668.494,0.397,1.229,13.637,0,0.019,
HKG,Asia,Hong Kong,24/9/2020,5056,7,9,104,1,0.286,669.421,0.927,1.192,13.77,0.132,0.038,
HKG,Asia,Hong Kong,25/9/2020,5058,2,8.857,104,0,0.143,669.685,0.265,1.173,13.77,0,0.019,
HKG,Asia,Hong Kong,26/9/2020,5059,1,7.143,105,1,0.286,669.818,0.132,0.946,13.902,0.132,0.038,
HKG,Asia,Hong Kong,27/9/2020,5065,6,4.714,105,0,0.286,670.612,0.794,0.624,13.902,0,0.038,
HKG,Asia,Hong Kong,28/9/2020,5075,10,5.286,105,0,0.286,671.936,1.324,0.7,13.902,0,0.038,
HKG,Asia,Hong Kong,29/9/2020,5079,4,4.714,105,0,0.286,672.466,0.53,0.624,13.902,0,0.038,
HKG,Asia,Hong Kong,30/9/2020,5087,8,5.429,105,0,0.286,673.525,1.059,0.719,13.902,0,0.038,
HKG,Asia,Hong Kong,1/10/2020,5097,10,5.857,105,0,0.143,674.849,1.324,0.775,13.902,0,0.019,
HKG,Asia,Hong Kong,2/10/2020,5104,7,6.571,105,0,0.143,675.776,0.927,0.87,13.902,0,0.019,
HKG,Asia,Hong Kong,3/10/2020,5108,4,7,105,0,0,676.305,0.53,0.927,13.902,0,0,
HKG,Asia,Hong Kong,4/10/2020,5113,5,6.857,105,0,0,676.967,0.662,0.908,13.902,0,0,
HKG,Asia,Hong Kong,5/10/2020,5124,11,7,105,0,0,678.424,1.456,0.927,13.902,0,0,
HKG,Asia,Hong Kong,6/10/2020,5132,8,7.571,105,0,0,679.483,1.059,1.002,13.902,0,0,
HKG,Asia,Hong Kong,7/10/2020,5143,11,8,105,0,0,680.94,1.456,1.059,13.902,0,0,
HKG,Asia,Hong Kong,8/10/2020,5161,18,9.143,105,0,0,683.323,2.383,1.211,13.902,0,0,
HKG,Asia,Hong Kong,9/10/2020,5169,8,9.286,105,0,0,684.382,1.059,1.229,13.902,0,0,
HKG,Asia,Hong Kong,10/10/2020,5175,6,9.571,105,0,0,685.176,0.794,1.267,13.902,0,0,
HKG,Asia,Hong Kong,11/10/2020,5182,7,9.857,105,0,0,686.103,0.927,1.305,13.902,0,0,
HKG,Asia,Hong Kong,12/10/2020,5193,11,9.857,105,0,0,687.56,1.456,1.305,13.902,0,0,
HKG,Asia,Hong Kong,13/10/2020,5201,8,9.857,105,0,0,688.619,1.059,1.305,13.902,0,0,
HKG,Asia,Hong Kong,14/10/2020,5201,0,8.286,105,0,0,688.619,0,1.097,13.902,0,0,
HKG,Asia,Hong Kong,15/10/2020,5213,12,7.429,105,0,0,690.208,1.589,0.984,13.902,0,0,
HKG,Asia,Hong Kong,16/10/2020,5220,7,7.286,105,0,0,691.134,0.927,0.965,13.902,0,0,
HKG,Asia,Hong Kong,17/10/2020,5237,17,8.857,105,0,0,693.385,2.251,1.173,13.902,0,0,
HKG,Asia,Hong Kong,18/10/2020,5241,4,8.429,105,0,0,693.915,0.53,1.116,13.902,0,0,
HKG,Asia,Hong Kong,19/10/2020,5256,15,9,105,0,0,695.901,1.986,1.192,13.902,0,0,
HKG,Asia,Hong Kong,20/10/2020,5261,5,8.571,105,0,0,696.563,0.662,1.135,13.902,0,0,
HKG,Asia,Hong Kong,21/10/2020,5269,8,9.714,105,0,0,697.622,1.059,1.286,13.902,0,0,
HKG,Asia,Hong Kong,22/10/2020,5280,11,9.571,105,0,0,699.078,1.456,1.267,13.902,0,0,
HKG,Asia,Hong Kong,23/10/2020,5284,4,9.143,105,0,0,699.608,0.53,1.211,13.902,0,0,
HKG,Asia,Hong Kong,24/10/2020,5289,5,7.429,105,0,0,700.27,0.662,0.984,13.902,0,0,
HKG,Asia,Hong Kong,25/10/2020,5295,6,7.714,105,0,0,701.065,0.794,1.021,13.902,0,0,
HKG,Asia,Hong Kong,26/10/2020,5303,8,6.714,105,0,0,702.124,1.059,0.889,13.902,0,0,
HKG,Asia,Hong Kong,27/10/2020,5308,5,6.714,105,0,0,702.786,0.662,0.889,13.902,0,0,
HKG,Asia,Hong Kong,28/10/2020,5310,2,5.857,105,0,0,703.051,0.265,0.775,13.902,0,0,
HKG,Asia,Hong Kong,29/10/2020,5313,3,4.714,105,0,0,703.448,0.397,0.624,13.902,0,0,
HKG,Asia,Hong Kong,30/10/2020,5320,7,5.143,105,0,0,704.375,0.927,0.681,13.902,0,0,
HKG,Asia,Hong Kong,31/10/2020,5323,3,4.857,105,0,0,704.772,0.397,0.643,13.902,0,0,
HKG,Asia,Hong Kong,1/11/2020,5330,7,5,105,0,0,705.699,0.927,0.662,13.902,0,0,
HKG,Asia,Hong Kong,2/11/2020,5336,6,4.714,105,0,0,706.493,0.794,0.624,13.902,0,0,
HKG,Asia,Hong Kong,3/11/2020,5345,9,5.286,105,0,0,707.685,1.192,0.7,13.902,0,0,
HKG,Asia,Hong Kong,4/11/2020,5348,3,5.429,106,1,0.143,708.082,0.397,0.719,14.035,0.132,0.019,
HKG,Asia,Hong Kong,5/11/2020,5355,7,6,106,0,0.143,709.009,0.927,0.794,14.035,0,0.019,
HKG,Asia,Hong Kong,6/11/2020,5361,6,5.857,107,1,0.286,709.803,0.794,0.775,14.167,0.132,0.038,
HKG,Asia,Hong Kong,7/11/2020,5364,3,5.857,107,0,0.286,710.2,0.397,0.775,14.167,0,0.038,
HKG,Asia,Hong Kong,8/11/2020,5374,10,6.286,107,0,0.286,711.524,1.324,0.832,14.167,0,0.038,
HKG,Asia,Hong Kong,9/11/2020,5380,6,6.286,107,0,0.286,712.319,0.794,0.832,14.167,0,0.038,
HKG,Asia,Hong Kong,10/11/2020,5389,9,6.286,108,1,0.429,713.51,1.192,0.832,14.299,0.132,0.057,
HKG,Asia,Hong Kong,11/11/2020,5407,18,8.429,108,0,0.286,715.893,2.383,1.116,14.299,0,0.038,
HKG,Asia,Hong Kong,12/11/2020,5430,23,10.714,108,0,0.286,718.939,3.045,1.419,14.299,0,0.038,
HKG,Asia,Hong Kong,13/11/2020,5436,6,10.714,108,0,0.143,719.733,0.794,1.419,14.299,0,0.019,
HKG,Asia,Hong Kong,14/11/2020,5444,8,11.429,108,0,0.143,720.792,1.059,1.513,14.299,0,0.019,
HKG,Asia,Hong Kong,15/11/2020,5458,14,12,108,0,0.143,722.646,1.854,1.589,14.299,0,0.019,
HKG,Asia,Hong Kong,16/11/2020,5466,8,12.286,108,0,0.143,723.705,1.059,1.627,14.299,0,0.019,
HKG,Asia,Hong Kong,17/11/2020,5470,4,11.571,108,0,0,724.235,0.53,1.532,14.299,0,0,
HKG,Asia,Hong Kong,18/11/2020,5479,9,10.286,108,0,0,725.426,1.192,1.362,14.299,0,0,
HKG,Asia,Hong Kong,19/11/2020,5491,12,8.714,108,0,0,727.015,1.589,1.154,14.299,0,0,
HKG,Asia,Hong Kong,20/11/2020,5517,26,11.571,108,0,0,730.458,3.442,1.532,14.299,0,0,
HKG,Asia,Hong Kong,21/11/2020,5560,43,16.571,108,0,0,736.151,5.693,2.194,14.299,0,0,
HKG,Asia,Hong Kong,22/11/2020,5628,68,24.286,108,0,0,745.154,9.003,3.215,14.299,0,0,
HKG,Asia,Hong Kong,23/11/2020,5701,73,33.571,108,0,0,754.819,9.665,4.445,14.299,0,0,
HKG,Asia,Hong Kong,24/11/2020,5781,80,44.429,108,0,0,765.412,10.592,5.882,14.299,0,0,
HKG,Asia,Hong Kong,25/11/2020,5866,85,55.286,108,0,0,776.666,11.254,7.32,14.299,0,0,
HKG,Asia,Hong Kong,26/11/2020,5947,81,65.143,108,0,0,787.39,10.724,8.625,14.299,0,0,
HKG,Asia,Hong Kong,27/11/2020,6039,92,74.571,108,0,0,799.571,12.181,9.873,14.299,0,0,
HKG,Asia,Hong Kong,28/11/2020,6123,84,80.429,109,1,0.143,810.693,11.122,10.649,14.432,0.132,0.019,
HKG,Asia,Hong Kong,29/11/2020,6238,115,87.143,109,0,0.143,825.919,15.226,11.538,14.432,0,0.019,
HKG,Asia,Hong Kong,30/11/2020,6314,76,87.571,109,0,0.143,835.981,10.062,11.595,14.432,0,0.019,
HKG,Asia,Hong Kong,1/12/2020,6396,82,87.857,109,0,0.143,846.838,10.857,11.632,14.432,0,0.019,
HKG,Asia,Hong Kong,2/12/2020,6499,103,90.429,110,1,0.286,860.476,13.637,11.973,14.564,0.132,0.038,
HKG,Asia,Hong Kong,3/12/2020,6589,90,91.714,110,0,0.286,872.392,11.916,12.143,14.564,0,0.038,
HKG,Asia,Hong Kong,4/12/2020,6701,112,94.571,112,2,0.571,887.221,14.829,12.521,14.829,0.265,0.076,
HKG,Asia,Hong Kong,5/12/2020,6802,101,97,112,0,0.429,900.593,13.373,12.843,14.829,0,0.057,
HKG,Asia,Hong Kong,6/12/2020,6897,95,94.143,112,0,0.429,913.171,12.578,12.465,14.829,0,0.057,
HKG,Asia,Hong Kong,7/12/2020,6975,78,94.429,112,0,0.429,923.499,10.327,12.502,14.829,0,0.057,
HKG,Asia,Hong Kong,8/12/2020,7075,100,97,112,0,0.429,936.739,13.24,12.843,14.829,0,0.057,
HKG,Asia,Hong Kong,9/12/2020,7179,104,97.143,114,2,0.571,950.508,13.77,12.862,15.094,0.265,0.076,
HKG,Asia,Hong Kong,10/12/2020,7291,112,100.286,114,0,0.571,965.337,14.829,13.278,15.094,0,0.076,
HKG,Asia,Hong Kong,11/12/2020,7377,86,96.571,114,0,0.286,976.724,11.387,12.786,15.094,0,0.038,
HKG,Asia,Hong Kong,12/12/2020,7446,69,92,115,1,0.429,985.86,9.136,12.181,15.226,0.132,0.057,
HKG,Asia,Hong Kong,13/12/2020,7541,95,92,117,2,0.714,998.438,12.578,12.181,15.491,0.265,0.095,
HKG,Asia,Hong Kong,14/12/2020,7623,82,92.571,120,3,1.143,1009.295,10.857,12.257,15.888,0.397,0.151,
HKG,Asia,Hong Kong,15/12/2020,7721,98,92.286,122,2,1.429,1022.27,12.975,12.219,16.153,0.265,0.189,
HKG,Asia,Hong Kong,16/12/2020,7803,82,89.143,123,1,1.286,1033.127,10.857,11.803,16.285,0.132,0.17,
HKG,Asia,Hong Kong,17/12/2020,7899,96,86.857,125,2,1.571,1045.837,12.711,11.5,16.55,0.265,0.208,
HKG,Asia,Hong Kong,18/12/2020,7969,70,84.571,129,4,2.143,1055.105,9.268,11.197,17.08,0.53,0.284,
HKG,Asia,Hong Kong,19/12/2020,8078,109,90.286,129,0,2,1069.537,14.432,11.954,17.08,0,0.265,
HKG,Asia,Hong Kong,20/12/2020,8152,74,87.286,129,0,1.714,1079.335,9.798,11.557,17.08,0,0.227,
HKG,Asia,Hong Kong,21/12/2020,8237,85,87.714,131,2,1.571,1090.589,11.254,11.613,17.345,0.265,0.208,
HKG,Asia,Hong Kong,22/12/2020,8300,63,82.714,132,1,1.429,1098.93,8.341,10.951,17.477,0.132,0.189,
HKG,Asia,Hong Kong,23/12/2020,8353,53,78.571,133,1,1.429,1105.947,7.017,10.403,17.609,0.132,0.189,
HKG,Asia,Hong Kong,24/12/2020,8424,71,75,135,2,1.429,1115.348,9.4,9.93,17.874,0.265,0.189,
HKG,Asia,Hong Kong,25/12/2020,8481,57,73.143,136,1,1,1122.895,7.547,9.684,18.007,0.132,0.132,
HKG,Asia,Hong Kong,26/12/2020,8540,59,66,136,0,1,1130.706,7.812,8.738,18.007,0,0.132,
HKG,Asia,Hong Kong,27/12/2020,8610,70,65.429,136,0,1,1139.975,9.268,8.663,18.007,0,0.132,
HKG,Asia,Hong Kong,28/12/2020,8671,61,62,139,3,1.143,1148.051,8.076,8.209,18.404,0.397,0.151,
HKG,Asia,Hong Kong,29/12/2020,8724,53,60.571,143,4,1.571,1155.068,7.017,8.02,18.933,0.53,0.208,
HKG,Asia,Hong Kong,30/12/2020,8778,54,60.714,146,3,1.857,1162.218,7.15,8.039,19.331,0.397,0.246,
HKG,Asia,Hong Kong,31/12/2020,8846,68,60.286,148,2,1.857,1171.221,9.003,7.982,19.595,0.265,0.246,
HKG,Asia,Hong Kong,1/1/2021,8888,42,58.143,149,1,1.857,1176.782,5.561,7.698,19.728,0.132,0.246,
HKG,Asia,Hong Kong,2/1/2021,8923,35,54.714,150,1,2,1181.416,4.634,7.244,19.86,0.132,0.265,
HKG,Asia,Hong Kong,3/1/2021,8964,41,50.571,150,0,2,1186.845,5.428,6.696,19.86,0,0.265,
HKG,Asia,Hong Kong,4/1/2021,9017,53,49.429,151,1,1.714,1193.862,7.017,6.544,19.993,0.132,0.227,
HKG,Asia,Hong Kong,5/1/2021,9049,32,46.429,153,2,1.429,1198.099,4.237,6.147,20.257,0.265,0.189,
HKG,Asia,Hong Kong,6/1/2021,9074,25,42.286,154,1,1.143,1201.409,3.31,5.599,20.39,0.132,0.151,
HKG,Asia,Hong Kong,7/1/2021,9107,33,37.286,154,0,0.857,1205.778,4.369,4.937,20.39,0,0.113,
HKG,Asia,Hong Kong,8/1/2021,9152,45,37.714,155,1,0.857,1211.736,5.958,4.993,20.522,0.132,0.113,
HKG,Asia,Hong Kong,9/1/2021,9211,59,41.143,157,2,1,1219.548,7.812,5.447,20.787,0.265,0.132,
HKG,Asia,Hong Kong,10/1/2021,9242,31,39.714,158,1,1.143,1223.652,4.104,5.258,20.919,0.132,0.151,
HKG,Asia,Hong Kong,11/1/2021,9283,41,38,158,0,1,1229.081,5.428,5.031,20.919,0,0.132,
HKG,Asia,Hong Kong,12/1/2021,9343,60,42,159,1,0.857,1237.025,7.944,5.561,21.052,0.132,0.113,
HKG,Asia,Hong Kong,13/1/2021,9385,42,44.429,161,2,1,1242.586,5.561,5.882,21.317,0.265,0.132,
HKG,Asia,Hong Kong,14/1/2021,9414,29,43.857,161,0,1,1246.425,3.84,5.807,21.317,0,0.132,
HKG,Asia,Hong Kong,15/1/2021,9452,38,42.857,161,0,0.857,1251.456,5.031,5.674,21.317,0,0.113,
HKG,Asia,Hong Kong,16/1/2021,9502,50,41.571,162,1,0.714,1258.076,6.62,5.504,21.449,0.132,0.095,
HKG,Asia,Hong Kong,17/1/2021,9557,55,45,162,0,0.571,1265.359,7.282,5.958,21.449,0,0.076,
HKG,Asia,Hong Kong,18/1/2021,9664,107,54.429,163,1,0.714,1279.525,14.167,7.206,21.581,0.132,0.095,
HKG,Asia,Hong Kong,19/1/2021,9720,56,53.857,164,1,0.714,1286.94,7.414,7.131,21.714,0.132,0.095,
HKG,Asia,Hong Kong,20/1/2021,9797,77,58.857,166,2,0.714,1297.135,10.195,7.793,21.979,0.265,0.095,
HKG,Asia,Hong Kong,21/1/2021,9867,70,64.714,167,1,0.857,1306.403,9.268,8.568,22.111,0.132,0.113,
HKG,Asia,Hong Kong,22/1/2021,9928,61,68,167,0,0.857,1314.479,8.076,9.003,22.111,0,0.113,
HKG,Asia,Hong Kong,23/1/2021,10009,81,72.429,168,1,0.857,1325.204,10.724,9.59,22.243,0.132,0.113,
HKG,Asia,Hong Kong,24/1/2021,10085,76,75.429,169,1,1,1335.266,10.062,9.987,22.376,0.132,0.132,
HKG,Asia,Hong Kong,25/1/2021,10158,73,70.571,171,2,1.143,1344.932,9.665,9.344,22.641,0.265,0.151,
HKG,Asia,Hong Kong,26/1/2021,10222,64,71.714,173,2,1.286,1353.405,8.474,9.495,22.905,0.265,0.17,
HKG,Asia,Hong Kong,27/1/2021,10282,60,69.286,174,1,1.143,1361.349,7.944,9.174,23.038,0.132,0.151,
HKG,Asia,Hong Kong,28/1/2021,10321,39,64.857,177,3,1.429,1366.513,5.164,8.587,23.435,0.397,0.189,
HKG,Asia,Hong Kong,29/1/2021,10371,50,63.286,178,1,1.571,1373.133,6.62,8.379,23.567,0.132,0.208,
HKG,Asia,Hong Kong,30/1/2021,10399,28,55.714,178,0,1.429,1376.84,3.707,7.377,23.567,0,0.189,
HKG,Asia,Hong Kong,31/1/2021,10452,53,52.429,181,3,1.714,1383.858,7.017,6.942,23.965,0.397,0.227,
HKG,Asia,Hong Kong,1/2/2021,10486,34,46.857,182,1,1.571,1388.359,4.502,6.204,24.097,0.132,0.208,
HKG,Asia,Hong Kong,2/2/2021,10511,25,41.286,183,1,1.429,1391.669,3.31,5.466,24.229,0.132,0.189,
HKG,Asia,Hong Kong,3/2/2021,10530,19,35.429,185,2,1.571,1394.185,2.516,4.691,24.494,0.265,0.208,
HKG,Asia,Hong Kong,4/2/2021,10552,22,33,186,1,1.286,1397.098,2.913,4.369,24.627,0.132,0.17,
HKG,Asia,Hong Kong,5/2/2021,10589,37,31.143,186,0,1.143,1401.997,4.899,4.123,24.627,0,0.151,
HKG,Asia,Hong Kong,6/2/2021,10608,19,29.857,186,0,1.143,1404.512,2.516,3.953,24.627,0,0.151,
HKG,Asia,Hong Kong,7/2/2021,10635,27,26.143,186,0,0.714,1408.087,3.575,3.461,24.627,0,0.095,
HKG,Asia,Hong Kong,8/2/2021,10667,32,25.857,186,0,0.571,1412.324,4.237,3.424,24.627,0,0.076,
HKG,Asia,Hong Kong,9/2/2021,10693,26,26,187,1,0.571,1415.766,3.442,3.442,24.759,0.132,0.076,
HKG,Asia,Hong Kong,10/2/2021,10710,17,25.714,188,1,0.429,1418.017,2.251,3.405,24.891,0.132,0.057,
HKG,Asia,Hong Kong,11/2/2021,10731,21,25.571,191,3,0.714,1420.798,2.78,3.386,25.289,0.397,0.095,
HKG,Asia,Hong Kong,12/2/2021,10755,24,23.714,192,1,0.857,1423.975,3.178,3.14,25.421,0.132,0.113,
HKG,Asia,Hong Kong,13/2/2021,10767,12,22.714,193,1,1,1425.564,1.589,3.007,25.553,0.132,0.132,
HKG,Asia,Hong Kong,14/2/2021,10779,12,20.571,193,0,1,1427.153,1.589,2.724,25.553,0,0.132,
HKG,Asia,Hong Kong,15/2/2021,10788,9,17.286,193,0,1,1428.344,1.192,2.289,25.553,0,0.132,
HKG,Asia,Hong Kong,16/2/2021,10796,8,14.714,194,1,1,1429.404,1.059,1.948,25.686,0.132,0.132,
HKG,Asia,Hong Kong,17/2/2021,10812,16,14.571,195,1,1,1431.522,2.118,1.929,25.818,0.132,0.132,
HKG,Asia,Hong Kong,18/2/2021,10820,8,12.714,197,2,0.857,1432.581,1.059,1.683,26.083,0.265,0.113,
HKG,Asia,Hong Kong,19/2/2021,10833,13,11.143,197,0,0.714,1434.303,1.721,1.475,26.083,0,0.095,
HKG,Asia,Hong Kong,20/2/2021,10848,15,11.571,197,0,0.571,1436.289,1.986,1.532,26.083,0,0.076,
HKG,Asia,Hong Kong,21/2/2021,10868,20,12.714,197,0,0.571,1438.937,2.648,1.683,26.083,0,0.076,
HKG,Asia,Hong Kong,22/2/2021,10884,16,13.714,197,0,0.571,1441.055,2.118,1.816,26.083,0,0.076,
HKG,Asia,Hong Kong,23/2/2021,10896,12,14.286,197,0,0.429,1442.644,1.589,1.891,26.083,0,0.057,
HKG,Asia,Hong Kong,24/2/2021,10913,17,14.429,197,0,0.286,1444.895,2.251,1.91,26.083,0,0.038,
HKG,Asia,Hong Kong,25/2/2021,10926,13,15.143,198,1,0.143,1446.616,1.721,2.005,26.215,0.132,0.019,
HKG,Asia,Hong Kong,26/2/2021,10951,25,16.857,198,0,0.143,1449.926,3.31,2.232,26.215,0,0.019,
HKG,Asia,Hong Kong,27/2/2021,10983,32,19.286,198,0,0.143,1454.163,4.237,2.553,26.215,0,0.019,
HKG,Asia,Hong Kong,28/2/2021,11005,22,19.571,199,1,0.286,1457.076,2.913,2.591,26.348,0.132,0.038,
HKG,Asia,Hong Kong,1/3/2021,11019,14,19.286,200,1,0.429,1458.929,1.854,2.553,26.48,0.132,0.057,
HKG,Asia,Hong Kong,2/3/2021,11032,13,19.429,200,0,0.429,1460.65,1.721,2.572,26.48,0,0.057,
HKG,Asia,Hong Kong,3/3/2021,11046,14,19,200,0,0.429,1462.504,1.854,2.516,26.48,0,0.057,
HKG,Asia,Hong Kong,4/3/2021,11055,9,18.429,201,1,0.429,1463.696,1.192,2.44,26.613,0.132,0.057,
HKG,Asia,Hong Kong,5/3/2021,11066,11,16.429,201,0,0.429,1465.152,1.456,2.175,26.613,0,0.057,
HKG,Asia,Hong Kong,6/3/2021,11074,8,13,202,1,0.571,1466.211,1.059,1.721,26.745,0.132,0.076,
HKG,Asia,Hong Kong,7/3/2021,11090,16,12.143,202,0,0.429,1468.33,2.118,1.608,26.745,0,0.057,
HKG,Asia,Hong Kong,8/3/2021,11099,9,11.429,202,0,0.286,1469.521,1.192,1.513,26.745,0,0.038,
HKG,Asia,Hong Kong,9/3/2021,11120,21,12.571,202,0,0.286,1472.302,2.78,1.664,26.745,0,0.038,
HKG,Asia,Hong Kong,10/3/2021,11128,8,11.714,202,0,0.286,1473.361,1.059,1.551,26.745,0,0.038,
HKG,Asia,Hong Kong,11/3/2021,11150,22,13.571,203,1,0.286,1476.274,2.913,1.797,26.877,0.132,0.038,
HKG,Asia,Hong Kong,12/3/2021,11210,60,20.571,203,0,0.286,1484.218,7.944,2.724,26.877,0,0.038,
HKG,Asia,Hong Kong,13/3/2021,11257,47,26.143,203,0,0.143,1490.441,6.223,3.461,26.877,0,0.019,
HKG,Asia,Hong Kong,14/3/2021,11281,24,27.286,203,0,0.143,1493.618,3.178,3.613,26.877,0,0.019,
HKG,Asia,Hong Kong,15/3/2021,11311,30,30.286,203,0,0.143,1497.59,3.972,4.01,26.877,0,0.019,
HKG,Asia,Hong Kong,16/3/2021,11329,18,29.857,203,0,0.143,1499.974,2.383,3.953,26.877,0,0.019,
HKG,Asia,Hong Kong,17/3/2021,11340,11,30.286,203,0,0.143,1501.43,1.456,4.01,26.877,0,0.019,
HKG,Asia,Hong Kong,18/3/2021,11350,10,28.571,203,0,0,1502.754,1.324,3.783,26.877,0,0,
HKG,Asia,Hong Kong,19/3/2021,11363,13,21.857,203,0,0,1504.475,1.721,2.894,26.877,0,0,
HKG,Asia,Hong Kong,20/3/2021,11371,8,16.286,203,0,0,1505.534,1.059,2.156,26.877,0,0,
HKG,Asia,Hong Kong,21/3/2021,11379,8,14,203,0,0,1506.594,1.059,1.854,26.877,0,0,
HKG,Asia,Hong Kong,22/3/2021,11397,18,12.286,203,0,0,1508.977,2.383,1.627,26.877,0,0,
HKG,Asia,Hong Kong,23/3/2021,11409,12,11.429,203,0,0,1510.566,1.589,1.513,26.877,0,0,
HKG,Asia,Hong Kong,24/3/2021,11419,10,11.286,204,1,0.143,1511.89,1.324,1.494,27.01,0.132,0.019,
HKG,Asia,Hong Kong,25/3/2021,11428,9,11.143,204,0,0.143,1513.081,1.192,1.475,27.01,0,0.019,
HKG,Asia,Hong Kong,26/3/2021,11439,11,10.857,205,1,0.286,1514.538,1.456,1.437,27.142,0.132,0.038,
HKG,Asia,Hong Kong,27/3/2021,11445,6,10.571,205,0,0.286,1515.332,0.794,1.4,27.142,0,0.038,
HKG,Asia,Hong Kong,28/3/2021,11446,1,9.571,205,0,0.286,1515.464,0.132,1.267,27.142,0,0.038,
HKG,Asia,Hong Kong,29/3/2021,11454,8,8.143,205,0,0.286,1516.524,1.059,1.078,27.142,0,0.038,
HKG,Asia,Hong Kong,30/3/2021,11461,7,7.429,205,0,0.286,1517.45,0.927,0.984,27.142,0,0.038,
HKG,Asia,Hong Kong,31/3/2021,11467,6,6.857,205,0,0.143,1518.245,0.794,0.908,27.142,0,0.019,
HKG,Asia,Hong Kong,1/4/2021,11480,13,7.429,205,0,0.143,1519.966,1.721,0.984,27.142,0,0.019,
HKG,Asia,Hong Kong,2/4/2021,11499,19,8.571,205,0,0,1522.482,2.516,1.135,27.142,0,0,
HKG,Asia,Hong Kong,3/4/2021,11501,2,8,205,0,0,1522.747,0.265,1.059,27.142,0,0,
HKG,Asia,Hong Kong,4/4/2021,11508,7,8.857,205,0,0,1523.673,0.927,1.173,27.142,0,0,
HKG,Asia,Hong Kong,5/4/2021,11524,16,10,205,0,0,1525.792,2.118,1.324,27.142,0,0,
HKG,Asia,Hong Kong,6/4/2021,11531,7,10,205,0,0,1526.719,0.927,1.324,27.142,0,0,
HKG,Asia,Hong Kong,7/4/2021,11539,8,10.286,205,0,0,1527.778,1.059,1.362,27.142,0,0,
HKG,Asia,Hong Kong,8/4/2021,11549,10,9.857,205,0,0,1529.102,1.324,1.305,27.142,0,0,
HKG,Asia,Hong Kong,9/4/2021,11563,14,9.143,206,1,0.143,1530.955,1.854,1.211,27.275,0.132,0.019,
HKG,Asia,Hong Kong,10/4/2021,11568,5,9.571,207,1,0.286,1531.617,0.662,1.267,27.407,0.132,0.038,
HKG,Asia,Hong Kong,11/4/2021,11581,13,10.429,207,0,0.286,1533.339,1.721,1.381,27.407,0,0.038,
HKG,Asia,Hong Kong,12/4/2021,11594,13,10,207,0,0.286,1535.06,1.721,1.324,27.407,0,0.038,
HKG,Asia,Hong Kong,13/4/2021,11607,13,10.857,207,0,0.286,1536.781,1.721,1.437,27.407,0,0.038,
HKG,Asia,Hong Kong,14/4/2021,11612,5,10.429,209,2,0.571,1537.443,0.662,1.381,27.672,0.265,0.076,
HKG,Asia,Hong Kong,15/4/2021,11618,6,9.857,209,0,0.571,1538.237,0.794,1.305,27.672,0,0.076,
HKG,Asia,Hong Kong,16/4/2021,11635,17,10.286,209,0,0.429,1540.488,2.251,1.362,27.672,0,0.057,
HKG,Asia,Hong Kong,17/4/2021,11653,18,12.143,209,0,0.286,1542.872,2.383,1.608,27.672,0,0.038,
HKG,Asia,Hong Kong,18/4/2021,11683,30,14.571,209,0,0.286,1546.844,3.972,1.929,27.672,0,0.038,
HKG,Asia,Hong Kong,19/4/2021,11695,12,14.429,209,0,0.286,1548.432,1.589,1.91,27.672,0,0.038,
HKG,Asia,Hong Kong,20/4/2021,11703,8,13.714,209,0,0.286,1549.492,1.059,1.816,27.672,0,0.038,
HKG,Asia,Hong Kong,21/4/2021,11704,1,13.143,209,0,0,1549.624,0.132,1.74,27.672,0,0,
HKG,Asia,Hong Kong,22/4/2021,11718,14,14.286,209,0,0,1551.478,1.854,1.891,27.672,0,0,
HKG,Asia,Hong Kong,23/4/2021,11727,9,13.143,209,0,0,1552.669,1.192,1.74,27.672,0,0,
HKG,Asia,Hong Kong,24/4/2021,11730,3,11,209,0,0,1553.066,0.397,1.456,27.672,0,0,
HKG,Asia,Hong Kong,25/4/2021,11736,6,7.571,209,0,0,1553.861,0.794,1.002,27.672,0,0,
HKG,Asia,Hong Kong,26/4/2021,11740,4,6.429,209,0,0,1554.39,0.53,0.851,27.672,0,0,
HKG,Asia,Hong Kong,27/4/2021,11748,8,6.429,209,0,0,1555.45,1.059,0.851,27.672,0,0,
HKG,Asia,Hong Kong,28/4/2021,11755,7,7.286,209,0,0,1556.376,0.927,0.965,27.672,0,0,
HKG,Asia,Hong Kong,29/4/2021,11770,15,7.429,209,0,0,1558.362,1.986,0.984,27.672,0,0,
HKG,Asia,Hong Kong,30/4/2021,11774,4,6.714,209,0,0,1558.892,0.53,0.889,27.672,0,0,
HKG,Asia,Hong Kong,1/5/2021,11782,8,7.429,210,1,0.143,1559.951,1.059,0.984,27.804,0.132,0.019,
HKG,Asia,Hong Kong,2/5/2021,11784,2,6.857,210,0,0.143,1560.216,0.265,0.908,27.804,0,0.019,
HKG,Asia,Hong Kong,3/5/2021,11786,2,6.571,210,0,0.143,1560.481,0.265,0.87,27.804,0,0.019,
HKG,Asia,Hong Kong,4/5/2021,11790,4,6,210,0,0.143,1561.01,0.53,0.794,27.804,0,0.019,
HKG,Asia,Hong Kong,5/5/2021,11796,6,5.857,210,0,0.143,1561.805,0.794,0.775,27.804,0,0.019,
HKG,Asia,Hong Kong,6/5/2021,11798,2,4,210,0,0.143,1562.07,0.265,0.53,27.804,0,0.019,
HKG,Asia,Hong Kong,7/5/2021,11801,3,3.857,210,0,0.143,1562.467,0.397,0.511,27.804,0,0.019,
HKG,Asia,Hong Kong,8/5/2021,11806,5,3.429,210,0,0,1563.129,0.662,0.454,27.804,0,0,
HKG,Asia,Hong Kong,9/5/2021,11807,1,3.286,210,0,0,1563.261,0.132,0.435,27.804,0,0,
HKG,Asia,Hong Kong,10/5/2021,11811,4,3.571,210,0,0,1563.791,0.53,0.473,27.804,0,0,
HKG,Asia,Hong Kong,11/5/2021,11812,1,3.143,210,0,0,1563.923,0.132,0.416,27.804,0,0,
HKG,Asia,Hong Kong,12/5/2021,11814,2,2.571,210,0,0,1564.188,0.265,0.34,27.804,0,0,
HKG,Asia,Hong Kong,13/5/2021,11817,3,2.714,210,0,0,1564.585,0.397,0.359,27.804,0,0,
HKG,Asia,Hong Kong,14/5/2021,11818,1,2.429,210,0,0,1564.718,0.132,0.322,27.804,0,0,
HKG,Asia,Hong Kong,15/5/2021,11821,3,2.143,210,0,0,1565.115,0.397,0.284,27.804,0,0,
HKG,Asia,Hong Kong,16/5/2021,11824,3,2.429,210,0,0,1565.512,0.397,0.322,27.804,0,0,
HKG,Asia,Hong Kong,17/5/2021,11825,1,2,210,0,0,1565.645,0.132,0.265,27.804,0,0,
HKG,Asia,Hong Kong,18/5/2021,11826,1,2,210,0,0,1565.777,0.132,0.265,27.804,0,0,
HKG,Asia,Hong Kong,19/5/2021,11827,1,1.857,210,0,0,1565.909,0.132,0.246,27.804,0,0,
HKG,Asia,Hong Kong,20/5/2021,11828,1,1.571,210,0,0,1566.042,0.132,0.208,27.804,0,0,
HKG,Asia,Hong Kong,21/5/2021,11829,1,1.571,210,0,0,1566.174,0.132,0.208,27.804,0,0,
HKG,Asia,Hong Kong,22/5/2021,11830,1,1.286,210,0,0,1566.307,0.132,0.17,27.804,0,0,
HKG,Asia,Hong Kong,23/5/2021,11832,2,1.143,210,0,0,1566.571,0.265,0.151,27.804,0,0,
HKG,Asia,Hong Kong,24/5/2021,11833,1,1.143,210,0,0,1566.704,0.132,0.151,27.804,0,0,
HKG,Asia,Hong Kong,25/5/2021,11835,2,1.286,210,0,0,1566.969,0.265,0.17,27.804,0,0,
HKG,Asia,Hong Kong,26/5/2021,11836,1,1.286,210,0,0,1567.101,0.132,0.17,27.804,0,0,
HKG,Asia,Hong Kong,27/5/2021,11836,0,1.143,210,0,0,1567.101,0,0.151,27.804,0,0,
HKG,Asia,Hong Kong,28/5/2021,11836,0,1,210,0,0,1567.101,0,0.132,27.804,0,0,
HKG,Asia,Hong Kong,29/5/2021,11837,1,1,210,0,0,1567.233,0.132,0.132,27.804,0,0,
HKG,Asia,Hong Kong,30/5/2021,11837,0,0.714,210,0,0,1567.233,0,0.095,27.804,0,0,
HKG,Asia,Hong Kong,31/5/2021,11841,4,1.143,210,0,0,1567.763,0.53,0.151,27.804,0,0,
HKG,Asia,Hong Kong,1/6/2021,11848,7,1.857,210,0,0,1568.69,0.927,0.246,27.804,0,0,
HKG,Asia,Hong Kong,2/6/2021,11848,0,1.714,210,0,0,1568.69,0,0.227,27.804,0,0,
HKG,Asia,Hong Kong,3/6/2021,11849,1,1.857,210,0,0,1568.822,0.132,0.246,27.804,0,0,
HKG,Asia,Hong Kong,4/6/2021,11850,1,2,210,0,0,1568.955,0.132,0.265,27.804,0,0,
HKG,Asia,Hong Kong,5/6/2021,11851,1,2,210,0,0,1569.087,0.132,0.265,27.804,0,0,
HKG,Asia,Hong Kong,6/6/2021,11858,7,3,210,0,0,1570.014,0.927,0.397,27.804,0,0,
HKG,Asia,Hong Kong,7/6/2021,11865,7,3.429,210,0,0,1570.941,0.927,0.454,27.804,0,0,
HKG,Asia,Hong Kong,8/6/2021,11868,3,2.857,210,0,0,1571.338,0.397,0.378,27.804,0,0,
HKG,Asia,Hong Kong,9/6/2021,11872,4,3.429,210,0,0,1571.867,0.53,0.454,27.804,0,0,
HKG,Asia,Hong Kong,10/6/2021,11874,2,3.571,210,0,0,1572.132,0.265,0.473,27.804,0,0,
HKG,Asia,Hong Kong,11/6/2021,11874,0,3.429,210,0,0,1572.132,0,0.454,27.804,0,0,
HKG,Asia,Hong Kong,12/6/2021,11877,3,3.714,210,0,0,1572.529,0.397,0.492,27.804,0,0,
HKG,Asia,Hong Kong,13/6/2021,11877,0,2.714,210,0,0,1572.529,0,0.359,27.804,0,0,
HKG,Asia,Hong Kong,14/6/2021,11878,1,1.857,210,0,0,1572.662,0.132,0.246,27.804,0,0,
HKG,Asia,Hong Kong,15/6/2021,11880,2,1.714,210,0,0,1572.927,0.265,0.227,27.804,0,0,
HKG,Asia,Hong Kong,16/6/2021,11881,1,1.286,210,0,0,1573.059,0.132,0.17,27.804,0,0,
HKG,Asia,Hong Kong,17/6/2021,11881,0,1,210,0,0,1573.059,0,0.132,27.804,0,0,
HKG,Asia,Hong Kong,18/6/2021,11884,3,1.429,210,0,0,1573.456,0.397,0.189,27.804,0,0,
HKG,Asia,Hong Kong,19/6/2021,11885,1,1.143,210,0,0,1573.589,0.132,0.151,27.804,0,0,
HKG,Asia,Hong Kong,20/6/2021,11886,1,1.286,210,0,0,1573.721,0.132,0.17,27.804,0,0,
HKG,Asia,Hong Kong,21/6/2021,11889,3,1.571,210,0,0,1574.118,0.397,0.208,27.804,0,0,
HKG,Asia,Hong Kong,22/6/2021,11896,7,2.286,210,0,0,1575.045,0.927,0.303,27.804,0,0,
HKG,Asia,Hong Kong,23/6/2021,11898,2,2.429,210,0,0,1575.31,0.265,0.322,27.804,0,0,
HKG,Asia,Hong Kong,24/6/2021,11905,7,3.429,210,0,0,1576.237,0.927,0.454,27.804,0,0,
HKG,Asia,Hong Kong,25/6/2021,11909,4,3.571,211,1,0.143,1576.766,0.53,0.473,27.937,0.132,0.019,
HKG,Asia,Hong Kong,26/6/2021,11911,2,3.714,211,0,0.143,1577.031,0.265,0.492,27.937,0,0.019,
HKG,Asia,Hong Kong,27/6/2021,11917,6,4.429,211,0,0.143,1577.825,0.794,0.586,27.937,0,0.019,
HKG,Asia,Hong Kong,28/6/2021,11920,3,4.429,211,0,0.143,1578.223,0.397,0.586,27.937,0,0.019,
HKG,Asia,Hong Kong,29/6/2021,11921,1,3.571,211,0,0.143,1578.355,0.132,0.473,27.937,0,0.019,
HKG,Asia,Hong Kong,30/6/2021,11923,2,3.571,211,0,0.143,1578.62,0.265,0.473,27.937,0,0.019,
HKG,Asia,Hong Kong,1/7/2021,11927,4,3.143,211,0,0.143,1579.149,0.53,0.416,27.937,0,0.019,
HKG,Asia,Hong Kong,2/7/2021,11938,11,4.143,211,0,0,1580.606,1.456,0.549,27.937,0,0,
HKG,Asia,Hong Kong,3/7/2021,11939,1,4,211,0,0,1580.738,0.132,0.53,27.937,0,0,
HKG,Asia,Hong Kong,4/7/2021,11942,3,3.571,211,0,0,1581.135,0.397,0.473,27.937,0,0,
HKG,Asia,Hong Kong,5/7/2021,11943,1,3.286,212,1,0.143,1581.268,0.132,0.435,28.069,0.132,0.019,
HKG,Asia,Hong Kong,6/7/2021,11944,1,3.286,212,0,0.143,1581.4,0.132,0.435,28.069,0,0.019,
HKG,Asia,Hong Kong,7/7/2021,11945,1,3.143,212,0,0.143,1581.533,0.132,0.416,28.069,0,0.019,
HKG,Asia,Hong Kong,8/7/2021,11948,3,3,212,0,0.143,1581.93,0.397,0.397,28.069,0,0.019,
HKG,Asia,Hong Kong,9/7/2021,11949,1,1.571,212,0,0.143,1582.062,0.132,0.208,28.069,0,0.019,
HKG,Asia,Hong Kong,10/7/2021,11950,1,1.571,212,0,0.143,1582.195,0.132,0.208,28.069,0,0.019,
HKG,Asia,Hong Kong,11/7/2021,11951,1,1.286,212,0,0.143,1582.327,0.132,0.17,28.069,0,0.019,
HKG,Asia,Hong Kong,12/7/2021,11951,0,1.143,212,0,0,1582.327,0,0.151,28.069,0,0,
HKG,Asia,Hong Kong,13/7/2021,11952,1,1.143,212,0,0,1582.459,0.132,0.151,28.069,0,0,
HKG,Asia,Hong Kong,14/7/2021,11955,3,1.429,212,0,0,1582.857,0.397,0.189,28.069,0,0,
HKG,Asia,Hong Kong,15/7/2021,11955,0,1,212,0,0,1582.857,0,0.132,28.069,0,0,
HKG,Asia,Hong Kong,16/7/2021,11956,1,1,212,0,0,1582.989,0.132,0.132,28.069,0,0,
HKG,Asia,Hong Kong,17/7/2021,11956,0,0.857,212,0,0,1582.989,0,0.113,28.069,0,0,
HKG,Asia,Hong Kong,18/7/2021,11958,2,1,212,0,0,1583.254,0.265,0.132,28.069,0,0,
HKG,Asia,Hong Kong,19/7/2021,11958,0,1,212,0,0,1583.254,0,0.132,28.069,0,0,
HKG,Asia,Hong Kong,20/7/2021,11965,7,1.857,212,0,0,1584.181,0.927,0.246,28.069,0,0,
HKG,Asia,Hong Kong,21/7/2021,11970,5,2.143,212,0,0,1584.843,0.662,0.284,28.069,0,0,
HKG,Asia,Hong Kong,22/7/2021,11971,1,2.286,212,0,0,1584.975,0.132,0.303,28.069,0,0,
HKG,Asia,Hong Kong,23/7/2021,11973,2,2.429,212,0,0,1585.24,0.265,0.322,28.069,0,0,
HKG,Asia,Hong Kong,24/7/2021,11975,2,2.714,212,0,0,1585.505,0.265,0.359,28.069,0,0,
HKG,Asia,Hong Kong,25/7/2021,11978,3,2.857,212,0,0,1585.902,0.397,0.378,28.069,0,0,
HKG,Asia,Hong Kong,26/7/2021,11978,0,2.857,212,0,0,1585.902,0,0.378,28.069,0,0,
HKG,Asia,Hong Kong,27/7/2021,11979,1,2,212,0,0,1586.034,0.132,0.265,28.069,0,0,
HKG,Asia,Hong Kong,28/7/2021,11980,1,1.429,212,0,0,1586.167,0.132,0.189,28.069,0,0,
HKG,Asia,Hong Kong,29/7/2021,11982,2,1.571,212,0,0,1586.432,0.265,0.208,28.069,0,0,
HKG,Asia,Hong Kong,30/7/2021,11984,2,1.571,212,0,0,1586.696,0.265,0.208,28.069,0,0,
HKG,Asia,Hong Kong,31/7/2021,11984,0,1.286,212,0,0,1586.696,0,0.17,28.069,0,0,
HKG,Asia,Hong Kong,1/8/2021,11987,3,1.286,212,0,0,1587.094,0.397,0.17,28.069,0,0,
HKG,Asia,Hong Kong,2/8/2021,11990,3,1.714,212,0,0,1587.491,0.397,0.227,28.069,0,0,
HKG,Asia,Hong Kong,3/8/2021,11994,4,2.143,212,0,0,1588.02,0.53,0.284,28.069,0,0,
HKG,Asia,Hong Kong,4/8/2021,11996,2,2.286,212,0,0,1588.285,0.265,0.303,28.069,0,0,
HKG,Asia,Hong Kong,5/8/2021,12002,6,2.857,212,0,0,1589.08,0.794,0.378,28.069,0,0,
HKG,Asia,Hong Kong,6/8/2021,12004,2,2.857,212,0,0,1589.344,0.265,0.378,28.069,0,0,
HKG,Asia,Hong Kong,7/8/2021,12011,7,3.857,212,0,0,1590.271,0.927,0.511,28.069,0,0,
HKG,Asia,Hong Kong,8/8/2021,12013,2,3.714,212,0,0,1590.536,0.265,0.492,28.069,0,0,
HKG,Asia,Hong Kong,9/8/2021,12015,2,3.571,212,0,0,1590.801,0.265,0.473,28.069,0,0,
HKG,Asia,Hong Kong,10/8/2021,12019,4,3.571,212,0,0,1591.33,0.53,0.473,28.069,0,0,
HKG,Asia,Hong Kong,11/8/2021,12020,1,3.429,212,0,0,1591.463,0.132,0.454,28.069,0,0,
HKG,Asia,Hong Kong,12/8/2021,12025,5,3.286,212,0,0,1592.125,0.662,0.435,28.069,0,0,
HKG,Asia,Hong Kong,13/8/2021,12030,5,3.714,212,0,0,1592.787,0.662,0.492,28.069,0,0,
HKG,Asia,Hong Kong,14/8/2021,12032,2,3,212,0,0,1593.052,0.265,0.397,28.069,0,0,
HKG,Asia,Hong Kong,15/8/2021,12033,1,2.857,212,0,0,1593.184,0.132,0.378,28.069,0,0,
HKG,Asia,Hong Kong,16/8/2021,12036,3,3,212,0,0,1593.581,0.397,0.397,28.069,0,0,
HKG,Asia,Hong Kong,17/8/2021,12039,3,2.857,212,0,0,1593.978,0.397,0.378,28.069,0,0,
HKG,Asia,Hong Kong,18/8/2021,12042,3,3.143,212,0,0,1594.376,0.397,0.416,28.069,0,0,
HKG,Asia,Hong Kong,19/8/2021,12047,5,3.143,212,0,0,1595.038,0.662,0.416,28.069,0,0,
HKG,Asia,Hong Kong,20/8/2021,12049,2,2.714,212,0,0,1595.302,0.265,0.359,28.069,0,0,
HKG,Asia,Hong Kong,21/8/2021,12052,3,2.857,212,0,0,1595.7,0.397,0.378,28.069,0,0,
HKG,Asia,Hong Kong,22/8/2021,12057,5,3.429,212,0,0,1596.362,0.662,0.454,28.069,0,0,
HKG,Asia,Hong Kong,23/8/2021,12062,5,3.714,212,0,0,1597.024,0.662,0.492,28.069,0,0,
HKG,Asia,Hong Kong,24/8/2021,12069,7,4.286,212,0,0,1597.95,0.927,0.567,28.069,0,0,
HKG,Asia,Hong Kong,25/8/2021,12074,5,4.571,212,0,0,1598.612,0.662,0.605,28.069,0,0,
HKG,Asia,Hong Kong,26/8/2021,12077,3,4.286,212,0,0,1599.01,0.397,0.567,28.069,0,0,
HKG,Asia,Hong Kong,27/8/2021,12094,17,6.429,212,0,0,1601.26,2.251,0.851,28.069,0,0,
HKG,Asia,Hong Kong,28/8/2021,12100,6,6.857,212,0,0,1602.055,0.794,0.908,28.069,0,0,
HKG,Asia,Hong Kong,29/8/2021,12107,7,7.143,212,0,0,1602.982,0.927,0.946,28.069,0,0,
HKG,Asia,Hong Kong,30/8/2021,12110,3,6.857,212,0,0,1603.379,0.397,0.908,28.069,0,0,
HKG,Asia,Hong Kong,31/8/2021,12112,2,6.143,212,0,0,1603.644,0.265,0.813,28.069,0,0,
HKG,Asia,Hong Kong,1/9/2021,12113,1,5.571,212,0,0,1603.776,0.132,0.738,28.069,0,0,
HKG,Asia,Hong Kong,2/9/2021,12113,0,5.143,212,0,0,1603.776,0,0.681,28.069,0,0,
HKG,Asia,Hong Kong,3/9/2021,12112,,,212,0,0,1603.644,,,28.069,0,0,
HKG,Asia,Hong Kong,4/9/2021,12113,1,,212,0,0,1603.776,0.132,,28.069,0,0,
HKG,Asia,Hong Kong,5/9/2021,12121,8,,212,0,0,1604.835,1.059,,28.069,0,0,
HKG,Asia,Hong Kong,6/9/2021,12123,2,,212,0,0,1605.1,0.265,,28.069,0,0,
HKG,Asia,Hong Kong,7/9/2021,12129,6,,212,0,0,1605.895,0.794,,28.069,0,0,
HKG,Asia,Hong Kong,8/9/2021,12131,2,,212,0,0,1606.159,0.265,,28.069,0,0,
HKG,Asia,Hong Kong,9/9/2021,12133,2,,212,0,0,1606.424,0.265,,28.069,0,0,
HKG,Asia,Hong Kong,10/9/2021,12138,5,3.714,212,0,0,1607.086,0.662,0.492,28.069,0,0,
HKG,Asia,Hong Kong,11/9/2021,12142,4,4.143,212,0,0,1607.616,0.53,0.549,28.069,0,0,
HKG,Asia,Hong Kong,12/9/2021,12145,3,3.429,212,0,0,1608.013,0.397,0.454,28.069,0,0,
HKG,Asia,Hong Kong,13/9/2021,12146,1,3.286,213,1,0.143,1608.145,0.132,0.435,28.201,0.132,0.019,
HKG,Asia,Hong Kong,14/9/2021,12148,2,2.714,213,0,0.143,1608.41,0.265,0.359,28.201,0,0.019,
HKG,Asia,Hong Kong,15/9/2021,12149,1,2.571,213,0,0.143,1608.543,0.132,0.34,28.201,0,0.019,
HKG,Asia,Hong Kong,16/9/2021,12149,0,2.286,213,0,0.143,1608.543,0,0.303,28.201,0,0.019,
HKG,Asia,Hong Kong,17/9/2021,12152,3,2,213,0,0.143,1608.94,0.397,0.265,28.201,0,0.019,
HKG,Asia,Hong Kong,18/9/2021,12157,5,2.143,213,0,0.143,1609.602,0.662,0.284,28.201,0,0.019,
HKG,Asia,Hong Kong,19/9/2021,12160,3,2.143,213,0,0.143,1609.999,0.397,0.284,28.201,0,0.019,
HKG,Asia,Hong Kong,20/9/2021,12165,5,2.714,213,0,0,1610.661,0.662,0.359,28.201,0,0,
HKG,Asia,Hong Kong,21/9/2021,12166,1,2.571,213,0,0,1610.793,0.132,0.34,28.201,0,0,
HKG,Asia,Hong Kong,22/9/2021,12167,1,2.571,213,0,0,1610.926,0.132,0.34,28.201,0,0,
HKG,Asia,Hong Kong,23/9/2021,12169,2,2.857,213,0,0,1611.191,0.265,0.378,28.201,0,0,
HKG,Asia,Hong Kong,24/9/2021,12176,7,3.429,213,0,0,1612.117,0.927,0.454,28.201,0,0,
HKG,Asia,Hong Kong,25/9/2021,12185,9,4,213,0,0,1613.309,1.192,0.53,28.201,0,0,
HKG,Asia,Hong Kong,26/9/2021,12193,8,4.714,213,0,0,1614.368,1.059,0.624,28.201,0,0,
HKG,Asia,Hong Kong,27/9/2021,12196,3,4.429,213,0,0,1614.765,0.397,0.586,28.201,0,0,
HKG,Asia,Hong Kong,28/9/2021,12209,13,6.143,213,0,0,1616.487,1.721,0.813,28.201,0,0,
HKG,Asia,Hong Kong,29/9/2021,12214,5,6.714,213,0,0,1617.149,0.662,0.889,28.201,0,0,
HKG,Asia,Hong Kong,30/9/2021,12217,3,6.857,213,0,0,1617.546,0.397,0.908,28.201,0,0,
HKG,Asia,Hong Kong,1/10/2021,12221,4,6.429,213,0,0,1618.075,0.53,0.851,28.201,0,0,
HKG,Asia,Hong Kong,2/10/2021,12226,5,5.857,213,0,0,1618.737,0.662,0.775,28.201,0,0,
HKG,Asia,Hong Kong,3/10/2021,12226,0,4.714,213,0,0,1618.737,0,0.624,28.201,0,0,
HKG,Asia,Hong Kong,4/10/2021,12230,4,4.857,213,0,0,1619.267,0.53,0.643,28.201,0,0,
HKG,Asia,Hong Kong,5/10/2021,12237,7,4,213,0,0,1620.194,0.927,0.53,28.201,0,0,
HKG,Asia,Hong Kong,6/10/2021,12243,6,4.143,213,0,0,1620.988,0.794,0.549,28.201,0,0,
HKG,Asia,Hong Kong,7/10/2021,12251,8,4.857,213,0,0,1622.047,1.059,0.643,28.201,0,0,
HKG,Asia,Hong Kong,8/10/2021,12253,2,4.571,213,0,0,1622.312,0.265,0.605,28.201,0,0,
HKG,Asia,Hong Kong,9/10/2021,12230,,,213,0,0,1619.267,,,28.201,0,0,
HKG,Asia,Hong Kong,10/10/2021,12261,31,,213,0,0,1623.371,4.104,,28.201,0,0,
HKG,Asia,Hong Kong,11/10/2021,12268,7,,213,0,0,1624.298,0.927,,28.201,0,0,
HKG,Asia,Hong Kong,12/10/2021,12272,4,,213,0,0,1624.828,0.53,,28.201,0,0,
HKG,Asia,Hong Kong,13/10/2021,12275,3,,213,0,0,1625.225,0.397,,28.201,0,0,
HKG,Asia,Hong Kong,14/10/2021,12276,1,,213,0,0,1625.357,0.132,,28.201,0,0,
HKG,Asia,Hong Kong,15/10/2021,12285,9,,213,0,0,1626.549,1.192,,28.201,0,0,
HKG,Asia,Hong Kong,16/10/2021,12291,6,8.714,213,0,0,1627.344,0.794,1.154,28.201,0,0,
HKG,Asia,Hong Kong,17/10/2021,12294,3,4.714,213,0,0,1627.741,0.397,0.624,28.201,0,0,
HKG,Asia,Hong Kong,18/10/2021,12299,5,4.429,213,0,0,1628.403,0.662,0.586,28.201,0,0,
HKG,Asia,Hong Kong,19/10/2021,12301,2,4.143,213,0,0,1628.668,0.265,0.549,28.201,0,0,
HKG,Asia,Hong Kong,20/10/2021,12305,4,4.286,213,0,0,1629.197,0.53,0.567,28.201,0,0,
HKG,Asia,Hong Kong,21/10/2021,12311,6,5,213,0,0,1629.992,0.794,0.662,28.201,0,0,
HKG,Asia,Hong Kong,22/10/2021,12313,2,4,213,0,0,1630.256,0.265,0.53,28.201,0,0,
HKG,Asia,Hong Kong,23/10/2021,12319,6,4,213,0,0,1631.051,0.794,0.53,28.201,0,0,
HKG,Asia,Hong Kong,24/10/2021,12323,4,4.143,213,0,0,1631.58,0.53,0.549,28.201,0,0,
HKG,Asia,Hong Kong,25/10/2021,12327,4,4,213,0,0,1632.11,0.53,0.53,28.201,0,0,
HKG,Asia,Hong Kong,26/10/2021,12330,3,4.143,213,0,0,1632.507,0.397,0.549,28.201,0,0,
HKG,Asia,Hong Kong,27/10/2021,12335,5,4.286,213,0,0,1633.169,0.662,0.567,28.201,0,0,
HKG,Asia,Hong Kong,28/10/2021,12337,2,3.714,213,0,0,1633.434,0.265,0.492,28.201,0,0,
HKG,Asia,Hong Kong,29/10/2021,12342,5,4.143,213,0,0,1634.096,0.662,0.549,28.201,0,0,
HKG,Asia,Hong Kong,30/10/2021,12345,3,3.714,213,0,0,1634.493,0.397,0.492,28.201,0,0,
HKG,Asia,Hong Kong,31/10/2021,12346,1,3.286,213,0,0,1634.626,0.132,0.435,28.201,0,0,
HKG,Asia,Hong Kong,1/11/2021,12347,1,2.857,213,0,0,1634.758,0.132,0.378,28.201,0,0,
HKG,Asia,Hong Kong,2/11/2021,12349,2,2.714,213,0,0,1635.023,0.265,0.359,28.201,0,0,
HKG,Asia,Hong Kong,3/11/2021,12352,3,2.429,213,0,0,1635.42,0.397,0.322,28.201,0,0,
HKG,Asia,Hong Kong,4/11/2021,12359,7,3.143,213,0,0,1636.347,0.927,0.416,28.201,0,0,
HKG,Asia,Hong Kong,5/11/2021,12360,1,2.571,213,0,0,1636.479,0.132,0.34,28.201,0,0,
HKG,Asia,Hong Kong,6/11/2021,12367,7,3.143,213,0,0,1637.406,0.927,0.416,28.201,0,0,
HKG,Asia,Hong Kong,7/11/2021,12368,1,3.143,213,0,0,1637.538,0.132,0.416,28.201,0,0,
HKG,Asia,Hong Kong,8/11/2021,12368,0,3,213,0,0,1637.538,0,0.397,28.201,0,0,
HKG,Asia,Hong Kong,9/11/2021,12369,1,2.857,213,0,0,1637.671,0.132,0.378,28.201,0,0,
HKG,Asia,Hong Kong,10/11/2021,12374,5,3.143,213,0,0,1638.333,0.662,0.416,28.201,0,0,
HKG,Asia,Hong Kong,11/11/2021,12377,3,2.571,213,0,0,1638.73,0.397,0.34,28.201,0,0,
HKG,Asia,Hong Kong,12/11/2021,12378,1,2.571,213,0,0,1638.862,0.132,0.34,28.201,0,0,
HKG,Asia,Hong Kong,13/11/2021,12380,2,1.857,213,0,0,1639.127,0.265,0.246,28.201,0,0,
HKG,Asia,Hong Kong,14/11/2021,12381,1,1.857,213,0,0,1639.26,0.132,0.246,28.201,0,0,
HKG,Asia,Hong Kong,15/11/2021,12387,6,2.714,213,0,0,1640.054,0.794,0.359,28.201,0,0,
HKG,Asia,Hong Kong,16/11/2021,12388,1,2.714,213,0,0,1640.186,0.132,0.359,28.201,0,0,
HKG,Asia,Hong Kong,17/11/2021,12391,3,2.429,213,0,0,1640.584,0.397,0.322,28.201,0,0,
HKG,Asia,Hong Kong,18/11/2021,12395,4,2.571,213,0,0,1641.113,0.53,0.34,28.201,0,0,
HKG,Asia,Hong Kong,19/11/2021,12396,1,2.571,213,0,0,1641.246,0.132,0.34,28.201,0,0,
HKG,Asia,Hong Kong,20/11/2021,12399,3,2.714,213,0,0,1641.643,0.397,0.359,28.201,0,0,
HKG,Asia,Hong Kong,21/11/2021,12401,2,2.857,213,0,0,1641.908,0.265,0.378,28.201,0,0,
HKG,Asia,Hong Kong,22/11/2021,12404,3,2.429,213,0,0,1642.305,0.397,0.322,28.201,0,0,
HKG,Asia,Hong Kong,23/11/2021,12410,6,3.143,213,0,0,1643.099,0.794,0.416,28.201,0,0,
HKG,Asia,Hong Kong,24/11/2021,12411,1,2.857,213,0,0,1643.232,0.132,0.378,28.201,0,0,
HKG,Asia,Hong Kong,25/11/2021,12417,6,3.143,213,0,0,1644.026,0.794,0.416,28.201,0,0,
HKG,Asia,Hong Kong,26/11/2021,12421,4,3.571,213,0,0,1644.556,0.53,0.473,28.201,0,0,
HKG,Asia,Hong Kong,27/11/2021,12424,3,3.571,213,0,0,1644.953,0.397,0.473,28.201,0,0,
HKG,Asia,Hong Kong,28/11/2021,12427,3,3.714,213,0,0,1645.35,0.397,0.492,28.201,0,0,
HKG,Asia,Hong Kong,29/11/2021,12430,3,3.714,213,0,0,1645.747,0.397,0.492,28.201,0,0,
HKG,Asia,Hong Kong,30/11/2021,12436,6,3.714,213,0,0,1646.542,0.794,0.492,28.201,0,0,
HKG,Asia,Hong Kong,1/12/2021,12439,3,4,213,0,0,1646.939,0.397,0.53,28.201,0,0,
HKG,Asia,Hong Kong,2/12/2021,12445,6,4,213,0,0,1647.733,0.794,0.53,28.201,0,0,
HKG,Asia,Hong Kong,3/12/2021,12448,3,3.857,213,0,0,1648.13,0.397,0.511,28.201,0,0,
HKG,Asia,Hong Kong,4/12/2021,12452,4,4,213,0,0,1648.66,0.53,0.53,28.201,0,0,
HKG,Asia,Hong Kong,5/12/2021,12461,9,4.857,213,0,0,1649.852,1.192,0.643,28.201,0,0,
HKG,Asia,Hong Kong,6/12/2021,12466,5,5.143,213,0,0,1650.514,0.662,0.681,28.201,0,0,
HKG,Asia,Hong Kong,7/12/2021,12471,5,5,213,0,0,1651.176,0.662,0.662,28.201,0,0,
HKG,Asia,Hong Kong,8/12/2021,12471,0,4.571,213,0,0,1651.176,0,0.605,28.201,0,0,
HKG,Asia,Hong Kong,9/12/2021,12478,7,4.714,213,0,0,1652.103,0.927,0.624,28.201,0,0,
HKG,Asia,Hong Kong,10/12/2021,12482,4,4.857,213,0,0,1652.632,0.53,0.643,28.201,0,0,
HKG,Asia,Hong Kong,11/12/2021,12483,1,4.429,213,0,0,1652.765,0.132,0.586,28.201,0,0,
HKG,Asia,Hong Kong,12/12/2021,12488,5,3.857,213,0,0,1653.427,0.662,0.511,28.201,0,0,
HKG,Asia,Hong Kong,13/12/2021,12490,2,3.429,213,0,0,1653.691,0.265,0.454,28.201,0,0,
HKG,Asia,Hong Kong,14/12/2021,12495,5,3.429,213,0,0,1654.353,0.662,0.454,28.201,0,0,
HKG,Asia,Hong Kong,15/12/2021,12496,1,3.571,213,0,0,1654.486,0.132,0.473,28.201,0,0,
HKG,Asia,Hong Kong,16/12/2021,12506,10,4,213,0,0,1655.81,1.324,0.53,28.201,0,0,
HKG,Asia,Hong Kong,17/12/2021,12513,7,4.429,213,0,0,1656.737,0.927,0.586,28.201,0,0,
HKG,Asia,Hong Kong,18/12/2021,12518,5,5,213,0,0,1657.399,0.662,0.662,28.201,0,0,
HKG,Asia,Hong Kong,19/12/2021,12526,8,5.429,213,0,0,1658.458,1.059,0.719,28.201,0,0,
HKG,Asia,Hong Kong,20/12/2021,12533,7,6.143,213,0,0,1659.385,0.927,0.813,28.201,0,0,
HKG,Asia,Hong Kong,21/12/2021,12541,8,6.571,213,0,0,1660.444,1.059,0.87,28.201,0,0,
HKG,Asia,Hong Kong,22/12/2021,12548,7,7.429,213,0,0,1661.371,0.927,0.984,28.201,0,0,
HKG,Asia,Hong Kong,23/12/2021,12550,2,6.286,213,0,0,1661.635,0.265,0.832,28.201,0,0,
HKG,Asia,Hong Kong,24/12/2021,12555,5,6,213,0,0,1662.297,0.662,0.794,28.201,0,0,
HKG,Asia,Hong Kong,25/12/2021,12580,25,8.857,213,0,0,1665.607,3.31,1.173,28.201,0,0,
HKG,Asia,Hong Kong,26/12/2021,12589,9,9,213,0,0,1666.799,1.192,1.192,28.201,0,0,
HKG,Asia,Hong Kong,27/12/2021,12598,9,9.286,213,0,0,1667.991,1.192,1.229,28.201,0,0,
HKG,Asia,Hong Kong,28/12/2021,12604,6,9,213,0,0,1668.785,0.794,1.192,28.201,0,0,
HKG,Asia,Hong Kong,29/12/2021,12618,14,10,213,0,0,1670.639,1.854,1.324,28.201,0,0,
HKG,Asia,Hong Kong,30/12/2021,12630,12,11.429,213,0,0,1672.228,1.589,1.513,28.201,0,0,
HKG,Asia,Hong Kong,31/12/2021,12649,19,13.429,213,0,0,1674.743,2.516,1.778,28.201,0,0,
HKG,Asia,Hong Kong,1/1/2022,12667,18,12.429,213,0,0,1677.126,2.383,1.646,28.201,0,0,
HKG,Asia,Hong Kong,2/1/2022,12693,26,14.857,213,0,0,1680.569,3.442,1.967,28.201,0,0,
HKG,Asia,Hong Kong,3/1/2022,12722,29,17.714,213,0,0,1684.408,3.84,2.345,28.201,0,0,
HKG,Asia,Hong Kong,4/1/2022,12761,39,22.429,213,0,0,1689.572,5.164,2.97,28.201,0,0,
HKG,Asia,Hong Kong,5/1/2022,12799,38,25.857,213,0,0,1694.603,5.031,3.424,28.201,0,0,
HKG,Asia,Hong Kong,6/1/2022,12832,33,28.857,213,0,0,1698.973,4.369,3.821,28.201,0,0,
HKG,Asia,Hong Kong,7/1/2022,12865,33,30.857,213,0,0,1703.342,4.369,4.086,28.201,0,0,
HKG,Asia,Hong Kong,8/1/2022,12902,37,33.571,213,0,0,1708.241,4.899,4.445,28.201,0,0,
HKG,Asia,Hong Kong,9/1/2022,12935,33,34.571,213,0,0,1712.61,4.369,4.577,28.201,0,0,
HKG,Asia,Hong Kong,10/1/2022,12959,24,33.857,213,0,0,1715.788,3.178,4.483,28.201,0,0,
HKG,Asia,Hong Kong,11/1/2022,12980,21,31.286,213,0,0,1718.568,2.78,4.142,28.201,0,0,
HKG,Asia,Hong Kong,12/1/2022,13002,22,29,213,0,0,1721.481,2.913,3.84,28.201,0,0,
HKG,Asia,Hong Kong,13/1/2022,13016,14,26.286,213,0,0,1723.334,1.854,3.48,28.201,0,0,
HKG,Asia,Hong Kong,14/1/2022,13025,9,22.857,213,0,0,1724.526,1.192,3.026,28.201,0,0,
HKG,Asia,Hong Kong,15/1/2022,13030,5,18.286,213,0,0,1725.188,0.662,2.421,28.201,0,0,
HKG,Asia,Hong Kong,16/1/2022,13041,11,15.143,213,0,0,1726.644,1.456,2.005,28.201,0,0,
HKG,Asia,Hong Kong,17/1/2022,13048,7,12.714,213,0,0,1727.571,0.927,1.683,28.201,0,0,
HKG,Asia,Hong Kong,18/1/2022,13066,18,12.286,213,0,0,1729.954,2.383,1.627,28.201,0,0,
HKG,Asia,Hong Kong,19/1/2022,13082,16,11.429,213,0,0,1732.073,2.118,1.513,28.201,0,0,
HKG,Asia,Hong Kong,20/1/2022,13096,14,11.429,213,0,0,1733.926,1.854,1.513,28.201,0,0,
HKG,Asia,Hong Kong,21/1/2022,13120,24,13.571,213,0,0,1737.104,3.178,1.797,28.201,0,0,
HKG,Asia,Hong Kong,22/1/2022,13146,26,16.571,213,0,0,1740.547,3.442,2.194,28.201,0,0,
HKG,Asia,Hong Kong,23/1/2022,13286,140,35,213,0,0,1759.083,18.536,4.634,28.201,0,0,
HKG,Asia,Hong Kong,24/1/2022,13395,109,49.571,213,0,0,1773.514,14.432,6.563,28.201,0,0,
HKG,Asia,Hong Kong,25/1/2022,13519,124,64.714,213,0,0,1789.932,16.418,8.568,28.201,0,0,
HKG,Asia,Hong Kong,26/1/2022,13626,107,77.714,213,0,0,1804.099,14.167,10.289,28.201,0,0,
HKG,Asia,Hong Kong,27/1/2022,13790,164,99.143,213,0,0,1825.813,21.714,13.127,28.201,0,0,
HKG,Asia,Hong Kong,28/1/2022,13905,115,112.143,213,0,0,1841.039,15.226,14.848,28.201,0,0,
HKG,Asia,Hong Kong,29/1/2022,14024,119,125.429,213,0,0,1856.795,15.756,16.607,28.201,0,0,
HKG,Asia,Hong Kong,30/1/2022,14105,81,117,213,0,0,1867.519,10.724,15.491,28.201,0,0,
HKG,Asia,Hong Kong,31/1/2022,14197,92,114.571,213,0,0,1879.7,12.181,15.169,28.201,0,0,
HKG,Asia,Hong Kong,1/2/2022,14326,129,115.286,213,0,0,1896.78,17.08,15.264,28.201,0,0,
HKG,Asia,Hong Kong,2/2/2022,14442,116,116.571,213,0,0,1912.139,15.359,15.434,28.201,0,0,
HKG,Asia,Hong Kong,3/2/2022,14584,142,113.429,213,0,0,1930.94,18.801,15.018,28.201,0,0,
HKG,Asia,Hong Kong,4/2/2022,14715,131,115.714,213,0,0,1948.284,17.345,15.321,28.201,0,0,
HKG,Asia,Hong Kong,5/2/2022,15066,351,148.857,213,0,0,1994.757,46.473,19.709,28.201,0,0,
HKG,Asia,Hong Kong,6/2/2022,15408,342,186.143,213,0,0,2040.038,45.281,24.646,28.201,0,0,
HKG,Asia,Hong Kong,7/2/2022,16022,614,260.714,213,0,0,2121.332,81.294,34.519,28.201,0,0,
HKG,Asia,Hong Kong,8/2/2022,16647,625,331.571,213,0,0,2204.083,82.751,43.9,28.201,0,0,
HKG,Asia,Hong Kong,9/2/2022,17808,1161,480.857,215,2,0.286,2357.801,153.718,63.666,28.466,0.265,0.038,
HKG,Asia,Hong Kong,10/2/2022,18794,986,601.429,216,1,0.429,2488.349,130.548,79.63,28.599,0.132,0.057,
HKG,Asia,Hong Kong,11/2/2022,20119,1325,772,216,0,0.429,2663.78,175.432,102.214,28.599,0,0.057,
HKG,Asia,Hong Kong,12/2/2022,21633,1514,938.143,219,3,0.857,2864.236,200.455,124.211,28.996,0.397,0.113,
HKG,Asia,Hong Kong,13/2/2022,22980,1347,1081.714,219,0,0.857,3042.58,178.344,143.22,28.996,0,0.113,
HKG,Asia,Hong Kong,14/2/2022,25051,2071,1289.857,221,2,1.143,3316.783,274.203,170.779,29.261,0.265,0.151,
HKG,Asia,Hong Kong,15/2/2022,26670,1619,1431.857,224,3,1.571,3531.141,214.358,189.58,29.658,0.397,0.208,
HKG,Asia,Hong Kong,16/2/2022,30955,4285,1878.143,227,3,1.714,4098.48,567.339,248.668,30.055,0.397,0.227,
HKG,Asia,Hong Kong,17/2/2022,37071,6116,2611,238,11,3.143,4908.246,809.766,345.7,31.511,1.456,0.416,
HKG,Asia,Hong Kong,18/2/2022,40700,3629,2940.143,259,21,6.143,5388.73,480.484,389.279,34.292,2.78,0.813,
HKG,Asia,Hong Kong,19/2/2022,46763,6063,3590,276,17,8.143,6191.479,802.749,475.32,36.543,2.251,1.078,
HKG,Asia,Hong Kong,20/2/2022,52830,6067,4264.286,288,12,9.857,6994.757,803.278,564.597,38.132,1.589,1.305,
HKG,Asia,Hong Kong,21/2/2022,60363,7533,5044.571,300,12,11.286,7992.135,997.378,667.907,39.72,1.589,1.494,
HKG,Asia,Hong Kong,22/2/2022,66574,6211,5700.571,336,36,16,8814.479,822.344,754.763,44.487,4.766,2.118,
HKG,Asia,Hong Kong,23/2/2022,75248,8674,6327.571,385,49,22.571,9962.928,1148.448,837.778,50.974,6.488,2.988,
HKG,Asia,Hong Kong,24/2/2022,84046,8798,6710.714,425,40,26.714,11127.794,1164.866,888.507,56.271,5.296,3.537,
HKG,Asia,Hong Kong,25/2/2022,94056,10010,7622.286,497,72,34,12453.13,1325.336,1009.2,65.803,9.533,4.502,
HKG,Asia,Hong Kong,26/2/2022,168590,74534,17403.857,577,80,43,22321.523,9868.393,2304.292,76.396,10.592,5.693,
HKG,Asia,Hong Kong,27/2/2022,219566,50976,23819.429,659,82,53,29070.808,6749.285,3153.722,87.252,10.857,7.017,
HKG,Asia,Hong Kong,28/2/2022,275744,56178,30768.714,744,85,63.429,36508.844,7438.036,4073.816,98.507,11.254,8.398,
HKG,Asia,Hong Kong,1/3/2022,331402,55658,37832.571,990,246,93.429,43878.032,7369.188,5009.079,131.077,32.571,12.37,
HKG,Asia,Hong Kong,2/3/2022,407743,76341,47499.286,1168,178,111.857,53985.674,10107.642,6288.964,154.645,23.567,14.81,
HKG,Asia,Hong Kong,3/3/2022,484734,76991,57241.143,1366,198,134.429,64179.377,10193.703,7578.798,180.86,26.215,17.799,
HKG,Asia,Hong Kong,4/3/2022,557416,72682,66194.286,1554,188,151,73802.563,9623.186,8764.205,205.752,24.891,19.993,
HKG,Asia,Hong Kong,5/3/2022,624999,67583,65201.286,1774,220,171,82750.636,8948.072,8632.73,234.88,29.128,22.641,
HKG,Asia,Hong Kong,6/3/2022,664800,39801,63604.857,2007,233,192.571,88020.337,5269.701,8421.361,265.729,30.849,25.497,
HKG,Asia,Hong Kong,7/3/2022,701195,36395,60778.714,2287,280,220.429,92839.08,4818.743,8047.176,302.802,37.072,29.185,
HKG,Asia,Hong Kong,8/3/2022,739946,38751,58363.429,2578,291,226.857,97969.76,5130.68,7727.39,341.33,38.529,30.036,
HKG,Asia,Hong Kong,9/3/2022,770407,30461,51809.143,2869,291,243,102002.833,4033.074,6859.594,379.859,38.529,32.173,
HKG,Asia,Hong Kong,10/3/2022,801809,31402,45296.429,3150,281,254.857,106160.497,4157.663,5997.303,417.064,37.205,33.743,
HKG,Asia,Hong Kong,11/3/2022,831190,29381,39110.571,3444,294,270,110050.577,3890.08,5178.288,455.99,38.926,35.748,
HKG,Asia,Hong Kong,12/3/2022,858837,27647,33405.429,3729,285,279.286,113711.074,3660.497,4422.92,493.724,37.734,36.978,
HKG,Asia,Hong Kong,13/3/2022,891267,32430,32352.429,3993,264,283.714,118004.846,4293.772,4283.501,528.678,34.954,37.564,
HKG,Asia,Hong Kong,14/3/2022,918175,26908,30997.143,4279,286,284.571,121567.498,3562.652,4104.06,566.545,37.867,37.678,
HKG,Asia,Hong Kong,15/3/2022,945940,27765,29427.714,4568,289,284.286,125243.618,3676.12,3896.266,604.809,38.264,37.64,
HKG,Asia,Hong Kong,16/3/2022,975212,29272,29257.857,4847,279,282.571,129119.267,3875.649,3873.776,641.749,36.94,37.413,
HKG,Asia,Hong Kong,17/3/2022,996862,21650,27864.714,5136,289,283.714,131985.754,2866.487,3689.322,680.013,38.264,37.564,
HKG,Asia,Hong Kong,18/3/2022,1016944,20082,26536.286,5401,265,279.571,134644.635,2658.881,3513.437,715.099,35.086,37.016,
HKG,Asia,Hong Kong,19/3/2022,1033541,16597,24957.714,5650,249,274.429,136842.098,2197.463,3304.432,748.067,32.968,36.335,
HKG,Asia,Hong Kong,20/3/2022,1047690,14149,22346.143,5896,246,271.857,138715.443,1873.345,2958.657,780.638,32.571,35.994,
HKG,Asia,Hong Kong,21/3/2022,1061758,14068,20511.857,6119,223,262.857,140578.064,1862.62,2715.795,810.163,29.525,34.803,
HKG,Asia,Hong Kong,22/3/2022,1075910,14152,18567.143,6364,245,256.571,142451.806,1873.742,2458.313,842.601,32.438,33.97,
HKG,Asia,Hong Kong,23/3/2022,1088150,12240,16134,6569,205,246,144072.397,1620.591,2136.161,869.744,27.142,32.571,
HKG,Asia,Hong Kong,24/3/2022,1101224,13074,14908.857,6770,201,233.429,145803.411,1731.014,1973.951,896.356,26.613,30.906,
HKG,Asia,Hong Kong,25/3/2022,1111629,10405,13526.429,6962,192,223,147181.045,1377.635,1790.916,921.777,25.421,29.525,
HKG,Asia,Hong Kong,26/3/2022,1120470,8841,12418.429,7101,139,207.286,148351.605,1170.559,1644.215,940.181,18.404,27.445,
HKG,Asia,Hong Kong,27/3/2022,1128507,8037,11545.286,7252,151,193.714,149415.713,1064.109,1528.61,960.174,19.993,25.648,
HKG,Asia,Hong Kong,28/3/2022,1136192,7685,10633.429,7420,168,185.857,150433.217,1017.503,1407.879,982.417,22.243,24.608,
HKG,Asia,Hong Kong,29/3/2022,1143788,7596,9696.857,7571,151,172.429,151438.937,1005.72,1283.876,1002.41,19.993,22.83,
HKG,Asia,Hong Kong,30/3/2022,1150769,6981,8945.571,7706,135,162.429,152363.23,924.293,1184.405,1020.284,17.874,21.506,
HKG,Asia,Hong Kong,31/3/2022,1157415,6646,8027.286,7825,119,150.714,153243.168,879.939,1062.822,1036.04,15.756,19.955,
HKG,Asia,Hong Kong,1/4/2022,1163238,5823,7372.714,7945,120,140.429,154014.14,770.972,976.156,1051.928,15.888,18.593,
HKG,Asia,Hong Kong,2/4/2022,1167713,4475,6749,8061,116,137.143,154606.636,592.495,893.576,1067.286,15.359,18.158,
,,,3/4/2022,1171422,3709,,,,,,,,,,,
,,,4/4/2022,1174560,3138,,,,,,,,,,,
,,,5/4/2022,1177814,3254,,,,,,,,,,,
,,,6/4/2022,1180591,2777,,,,,,,,,,,
,,,7/4/2022,1183235,2644,,,,,,,,,,,
,,,8/4/2022,1185727,2492,,,,,,,,,,,
,,,9/4/2022,1188262,2535,,,,,,,,,,,
,,,10/4/2022,1190183,1921,,,,,,,,,,,
,,,11/4/2022,1191590,1407,,,,,,,,,,,
,,,12/4/2022,1193023,1433,,,,,,,,,,,
